2026-08-13 20:57:03,827 onnxruntime.quantization.matmul_nbits_quantizer [INFO] - skip to quantize /Gather ...
2026-08-13 20:57:03,827 onnxruntime.quantization.matmul_nbits_quantizer [INFO] - skip to quantize /Gather_1 ...
2026-08-13 20:57:03,827 onnxruntime.quantization.matmul_nbits_quantizer [INFO] - skip to quantize /f5_transformer/Concat ...
2026-08-13 20:57:03,827 onnxruntime.quantization.matmul_nbits_quantizer [INFO] - skip to quantize /f5_transformer/Concat_1 ...
2026-08-13 20:57:03,827 onnxruntime.quantization.matmul_nbits_quantizer [INFO] - skip to quantize /f5_transformer/input_embed/Concat ...
2026-08-13 20:57:03,827 onnxruntime.quantization.matmul_nbits_quantizer [INFO] - start to quantize /f5_transformer/input_embed/proj/MatMul ...
2026-08-13 20:57:03,830 onnxruntime.quantization.matmul_nbits_quantizer [INFO] - complete quantization of /f5_transformer/input_embed/proj/MatMul with 4 bits ...
2026-08-13 20:57:03,830 onnxruntime.quantization.matmul_nbits_quantizer [INFO] - skip to quantize /f5_transformer/input_embed/proj/Add ...
2026-08-13 20:57:03,830 onnxruntime.quantization.matmul_nbits_quantizer [INFO] - skip to quantize /f5_transformer/input_embed/conv_pos_embed/Transpose ...
2026-08-13 20:57:03,830 onnxruntime.quantization.matmul_nbits_quantizer [INFO] - skip to quantize /f5_transformer/input_embed/conv_pos_embed/conv1d/conv1d.0/Conv ...
2026-08-13 20:57:03,830 onnxruntime.quantization.matmul_nbits_quantizer [INFO] - skip to quantize F5_ConvPosition_Mish_0 ...
2026-08-13 20:57:03,830 onnxruntime.quantization.matmul_nbits_quantizer [INFO] - skip to quantize /f5_transformer/input_embed/conv_pos_embed/conv1d/conv1d.2/Conv ...
2026-08-13 20:57:03,830 onnxruntime.quantization.matmul_nbits_quantizer [INFO] - skip to quantize F5_ConvPosition_Mish_1 ...
2026-08-13 20:57:03,830 onnxruntime.quantization.matmul_nbits_quantizer [INFO] - skip to quantize /f5_transformer/input_embed/conv_pos_embed/Transpose_1 ...
2026-08-13 20:57:03,830 onnxruntime.quantization.matmul_nbits_quantizer [INFO] - skip to quantize /f5_transformer/input_embed/Add ...
2026-08-13 20:57:03,830 onnxruntime.quantization.matmul_nbits_quantizer [INFO] - skip to quantize /f5_transformer/time_activation/Sigmoid ...
2026-08-13 20:57:03,830 onnxruntime.quantization.matmul_nbits_quantizer [INFO] - skip to quantize /f5_transformer/time_activation/Mul ...
2026-08-13 20:57:03,830 onnxruntime.quantization.matmul_nbits_quantizer [INFO] - start to quantize /f5_transformer/time_modulation/MatMul ...
2026-08-13 20:57:04,030 onnxruntime.quantization.matmul_nbits_quantizer [INFO] - complete quantization of /f5_transformer/time_modulation/MatMul with 4 bits ...
2026-08-13 20:57:04,030 onnxruntime.quantization.matmul_nbits_quantizer [INFO] - skip to quantize /f5_transformer/time_modulation/Add ...
2026-08-13 20:57:04,030 onnxruntime.quantization.matmul_nbits_quantizer [INFO] - skip to quantize /f5_transformer/Split ...
2026-08-13 20:57:04,030 onnxruntime.quantization.matmul_nbits_quantizer [INFO] - skip to quantize /f5_transformer/transformer_blocks.0/attn_norm/Split ...
2026-08-13 20:57:04,030 onnxruntime.quantization.matmul_nbits_quantizer [INFO] - skip to quantize /f5_transformer/transformer_blocks.0/attn_norm/norm/LayerNormalization ...
2026-08-13 20:57:04,030 onnxruntime.quantization.matmul_nbits_quantizer [INFO] - skip to quantize /f5_transformer/transformer_blocks.0/attn_norm/Add ...
2026-08-13 20:57:04,030 onnxruntime.quantization.matmul_nbits_quantizer [INFO] - skip to quantize /f5_transformer/transformer_blocks.0/attn_norm/Mul ...
2026-08-13 20:57:04,030 onnxruntime.quantization.matmul_nbits_quantizer [INFO] - skip to quantize /f5_transformer/transformer_blocks.0/attn_norm/Add_1 ...
2026-08-13 20:57:04,030 onnxruntime.quantization.matmul_nbits_quantizer [INFO] - start to quantize /f5_transformer/transformer_blocks.0/attn/to_qkv/MatMul ...
2026-08-13 20:57:04,033 onnxruntime.quantization.matmul_nbits_quantizer [INFO] - complete quantization of /f5_transformer/transformer_blocks.0/attn/to_qkv/MatMul with 4 bits ...
2026-08-13 20:57:04,033 onnxruntime.quantization.matmul_nbits_quantizer [INFO] - skip to quantize /f5_transformer/transformer_blocks.0/attn/to_qkv/Add ...
2026-08-13 20:57:04,033 onnxruntime.quantization.matmul_nbits_quantizer [INFO] - skip to quantize /f5_transformer/transformer_blocks.0/attn/Reshape ...
2026-08-13 20:57:04,033 onnxruntime.quantization.matmul_nbits_quantizer [INFO] - skip to quantize /f5_transformer/transformer_blocks.0/attn/Transpose ...
2026-08-13 20:57:04,033 onnxruntime.quantization.matmul_nbits_quantizer [INFO] - skip to quantize /f5_transformer/transformer_blocks.0/attn/Split ...
2026-08-13 20:57:04,033 onnxruntime.quantization.matmul_nbits_quantizer [INFO] - skip to quantize /f5_transformer/transformer_blocks.0/attn/Split_1 ...
2026-08-13 20:57:04,033 onnxruntime.quantization.matmul_nbits_quantizer [INFO] - skip to quantize /f5_transformer/transformer_blocks.0/attn/Slice ...
2026-08-13 20:57:04,033 onnxruntime.quantization.matmul_nbits_quantizer [INFO] - skip to quantize /f5_transformer/transformer_blocks.0/attn/Mul ...
2026-08-13 20:57:04,033 onnxruntime.quantization.matmul_nbits_quantizer [INFO] - skip to quantize /f5_transformer/transformer_blocks.0/attn/Gather ...
2026-08-13 20:57:04,034 onnxruntime.quantization.matmul_nbits_quantizer [INFO] - skip to quantize /f5_transformer/transformer_blocks.0/attn/Mul_1 ...
2026-08-13 20:57:04,034 onnxruntime.quantization.matmul_nbits_quantizer [INFO] - skip to quantize /f5_transformer/transformer_blocks.0/attn/Add ...
2026-08-13 20:57:04,034 onnxruntime.quantization.matmul_nbits_quantizer [INFO] - skip to quantize /f5_transformer/transformer_blocks.0/attn/Slice_1 ...
2026-08-13 20:57:04,034 onnxruntime.quantization.matmul_nbits_quantizer [INFO] - skip to quantize /f5_transformer/transformer_blocks.0/attn/Concat ...
2026-08-13 20:57:04,034 onnxruntime.quantization.matmul_nbits_quantizer [INFO] - skip to quantize /f5_transformer/transformer_blocks.0/attn/Slice_2 ...
2026-08-13 20:57:04,034 onnxruntime.quantization.matmul_nbits_quantizer [INFO] - skip to quantize /f5_transformer/transformer_blocks.0/attn/Mul_2 ...
2026-08-13 20:57:04,034 onnxruntime.quantization.matmul_nbits_quantizer [INFO] - skip to quantize /f5_transformer/transformer_blocks.0/attn/Gather_1 ...
2026-08-13 20:57:04,034 onnxruntime.quantization.matmul_nbits_quantizer [INFO] - skip to quantize /f5_transformer/transformer_blocks.0/attn/Mul_3 ...
2026-08-13 20:57:04,034 onnxruntime.quantization.matmul_nbits_quantizer [INFO] - skip to quantize /f5_transformer/transformer_blocks.0/attn/Add_1 ...
2026-08-13 20:57:04,034 onnxruntime.quantization.matmul_nbits_quantizer [INFO] - skip to quantize /f5_transformer/transformer_blocks.0/attn/Slice_3 ...
2026-08-13 20:57:04,034 onnxruntime.quantization.matmul_nbits_quantizer [INFO] - skip to quantize /f5_transformer/transformer_blocks.0/attn/Concat_1 ...
2026-08-13 20:57:04,034 onnxruntime.quantization.matmul_nbits_quantizer [INFO] - skip to quantize /f5_transformer/transformer_blocks.0/attn/Transpose_1 ...
2026-08-13 20:57:04,034 onnxruntime.quantization.matmul_nbits_quantizer [INFO] - start to quantize /f5_transformer/transformer_blocks.0/attn/MatMul ...
2026-08-13 20:57:04,034 onnxruntime.quantization.matmul_nbits_quantizer [INFO] - MatMul doesn't have const weight. Skip to quantize
2026-08-13 20:57:04,034 onnxruntime.quantization.matmul_nbits_quantizer [INFO] - complete quantization of /f5_transformer/transformer_blocks.0/attn/MatMul with 4 bits ...
2026-08-13 20:57:04,034 onnxruntime.quantization.matmul_nbits_quantizer [INFO] - skip to quantize /f5_transformer/transformer_blocks.0/attn/Softmax ...
2026-08-13 20:57:04,034 onnxruntime.quantization.matmul_nbits_quantizer [INFO] - start to quantize /f5_transformer/transformer_blocks.0/attn/MatMul_1 ...
2026-08-13 20:57:04,034 onnxruntime.quantization.matmul_nbits_quantizer [INFO] - MatMul doesn't have const weight. Skip to quantize
2026-08-13 20:57:04,034 onnxruntime.quantization.matmul_nbits_quantizer [INFO] - complete quantization of /f5_transformer/transformer_blocks.0/attn/MatMul_1 with 4 bits ...
2026-08-13 20:57:04,034 onnxruntime.quantization.matmul_nbits_quantizer [INFO] - skip to quantize /f5_transformer/transformer_blocks.0/attn/Transpose_2 ...
2026-08-13 20:57:04,034 onnxruntime.quantization.matmul_nbits_quantizer [INFO] - skip to quantize /f5_transformer/transformer_blocks.0/attn/Reshape_1 ...
2026-08-13 20:57:04,034 onnxruntime.quantization.matmul_nbits_quantizer [INFO] - start to quantize /f5_transformer/transformer_blocks.0/attn/to_out.0/MatMul ...
2026-08-13 20:57:04,036 onnxruntime.quantization.matmul_nbits_quantizer [INFO] - complete quantization of /f5_transformer/transformer_blocks.0/attn/to_out.0/MatMul with 4 bits ...
2026-08-13 20:57:04,036 onnxruntime.quantization.matmul_nbits_quantizer [INFO] - skip to quantize /f5_transformer/transformer_blocks.0/attn/to_out.0/Add ...
2026-08-13 20:57:04,036 onnxruntime.quantization.matmul_nbits_quantizer [INFO] - skip to quantize /f5_transformer/transformer_blocks.0/Mul ...
2026-08-13 20:57:04,036 onnxruntime.quantization.matmul_nbits_quantizer [INFO] - skip to quantize /f5_transformer/transformer_blocks.0/Add ...
2026-08-13 20:57:04,036 onnxruntime.quantization.matmul_nbits_quantizer [INFO] - skip to quantize /f5_transformer/transformer_blocks.0/ff_norm/LayerNormalization ...
2026-08-13 20:57:04,036 onnxruntime.quantization.matmul_nbits_quantizer [INFO] - skip to quantize /f5_transformer/transformer_blocks.0/Add_1 ...
2026-08-13 20:57:04,036 onnxruntime.quantization.matmul_nbits_quantizer [INFO] - skip to quantize /f5_transformer/transformer_blocks.0/Mul_1 ...
2026-08-13 20:57:04,036 onnxruntime.quantization.matmul_nbits_quantizer [INFO] - skip to quantize /f5_transformer/transformer_blocks.0/Add_2 ...
2026-08-13 20:57:04,036 onnxruntime.quantization.matmul_nbits_quantizer [INFO] - start to quantize /f5_transformer/transformer_blocks.0/ff/ff/ff.0/ff.0.0/MatMul ...
2026-08-13 20:57:04,039 onnxruntime.quantization.matmul_nbits_quantizer [INFO] - complete quantization of /f5_transformer/transformer_blocks.0/ff/ff/ff.0/ff.0.0/MatMul with 4 bits ...
2026-08-13 20:57:04,039 onnxruntime.quantization.matmul_nbits_quantizer [INFO] - skip to quantize /f5_transformer/transformer_blocks.0/ff/ff/ff.0/ff.0.0/Add ...
2026-08-13 20:57:04,039 onnxruntime.quantization.matmul_nbits_quantizer [INFO] - skip to quantize /f5_transformer/transformer_blocks.0/ff/ff/ff.0/ff.0.1/Gelu ...
2026-08-13 20:57:04,039 onnxruntime.quantization.matmul_nbits_quantizer [INFO] - start to quantize /f5_transformer/transformer_blocks.0/ff/ff/ff.2/MatMul ...
2026-08-13 20:57:04,041 onnxruntime.quantization.matmul_nbits_quantizer [INFO] - complete quantization of /f5_transformer/transformer_blocks.0/ff/ff/ff.2/MatMul with 4 bits ...
2026-08-13 20:57:04,041 onnxruntime.quantization.matmul_nbits_quantizer [INFO] - skip to quantize /f5_transformer/transformer_blocks.0/ff/ff/ff.2/Add ...
2026-08-13 20:57:04,041 onnxruntime.quantization.matmul_nbits_quantizer [INFO] - skip to quantize /f5_transformer/transformer_blocks.0/Mul_2 ...
2026-08-13 20:57:04,041 onnxruntime.quantization.matmul_nbits_quantizer [INFO] - skip to quantize /f5_transformer/transformer_blocks.0/Add_3 ...
2026-08-13 20:57:04,041 onnxruntime.quantization.matmul_nbits_quantizer [INFO] - skip to quantize /f5_transformer/transformer_blocks.1/attn_norm/Split ...
2026-08-13 20:57:04,041 onnxruntime.quantization.matmul_nbits_quantizer [INFO] - skip to quantize /f5_transformer/transformer_blocks.1/attn_norm/norm/LayerNormalization ...
2026-08-13 20:57:04,041 onnxruntime.quantization.matmul_nbits_quantizer [INFO] - skip to quantize /f5_transformer/transformer_blocks.1/attn_norm/Add ...
2026-08-13 20:57:04,041 onnxruntime.quantization.matmul_nbits_quantizer [INFO] - skip to quantize /f5_transformer/transformer_blocks.1/attn_norm/Mul ...
2026-08-13 20:57:04,041 onnxruntime.quantization.matmul_nbits_quantizer [INFO] - skip to quantize /f5_transformer/transformer_blocks.1/attn_norm/Add_1 ...
2026-08-13 20:57:04,041 onnxruntime.quantization.matmul_nbits_quantizer [INFO] - start to quantize /f5_transformer/transformer_blocks.1/attn/to_qkv/MatMul ...
2026-08-13 20:57:04,044 onnxruntime.quantization.matmul_nbits_quantizer [INFO] - complete quantization of /f5_transformer/transformer_blocks.1/attn/to_qkv/MatMul with 4 bits ...
2026-08-13 20:57:04,044 onnxruntime.quantization.matmul_nbits_quantizer [INFO] - skip to quantize /f5_transformer/transformer_blocks.1/attn/to_qkv/Add ...
2026-08-13 20:57:04,044 onnxruntime.quantization.matmul_nbits_quantizer [INFO] - skip to quantize /f5_transformer/transformer_blocks.1/attn/Reshape ...
2026-08-13 20:57:04,044 onnxruntime.quantization.matmul_nbits_quantizer [INFO] - skip to quantize /f5_transformer/transformer_blocks.1/attn/Transpose ...
2026-08-13 20:57:04,044 onnxruntime.quantization.matmul_nbits_quantizer [INFO] - skip to quantize /f5_transformer/transformer_blocks.1/attn/Split ...
2026-08-13 20:57:04,044 onnxruntime.quantization.matmul_nbits_quantizer [INFO] - skip to quantize /f5_transformer/transformer_blocks.1/attn/Split_1 ...
2026-08-13 20:57:04,044 onnxruntime.quantization.matmul_nbits_quantizer [INFO] - skip to quantize /f5_transformer/transformer_blocks.1/attn/Slice ...
2026-08-13 20:57:04,044 onnxruntime.quantization.matmul_nbits_quantizer [INFO] - skip to quantize /f5_transformer/transformer_blocks.1/attn/Mul ...
2026-08-13 20:57:04,044 onnxruntime.quantization.matmul_nbits_quantizer [INFO] - skip to quantize /f5_transformer/transformer_blocks.1/attn/Gather ...
2026-08-13 20:57:04,044 onnxruntime.quantization.matmul_nbits_quantizer [INFO] - skip to quantize /f5_transformer/transformer_blocks.1/attn/Mul_1 ...
2026-08-13 20:57:04,044 onnxruntime.quantization.matmul_nbits_quantizer [INFO] - skip to quantize /f5_transformer/transformer_blocks.1/attn/Add ...
2026-08-13 20:57:04,044 onnxruntime.quantization.matmul_nbits_quantizer [INFO] - skip to quantize /f5_transformer/transformer_blocks.1/attn/Slice_1 ...
2026-08-13 20:57:04,044 onnxruntime.quantization.matmul_nbits_quantizer [INFO] - skip to quantize /f5_transformer/transformer_blocks.1/attn/Concat ...
2026-08-13 20:57:04,044 onnxruntime.quantization.matmul_nbits_quantizer [INFO] - skip to quantize /f5_transformer/transformer_blocks.1/attn/Slice_2 ...
2026-08-13 20:57:04,044 onnxruntime.quantization.matmul_nbits_quantizer [INFO] - skip to quantize /f5_transformer/transformer_blocks.1/attn/Mul_2 ...
2026-08-13 20:57:04,044 onnxruntime.quantization.matmul_nbits_quantizer [INFO] - skip to quantize /f5_transformer/transformer_blocks.1/attn/Gather_1 ...
2026-08-13 20:57:04,044 onnxruntime.quantization.matmul_nbits_quantizer [INFO] - skip to quantize /f5_transformer/transformer_blocks.1/attn/Mul_3 ...
2026-08-13 20:57:04,044 onnxruntime.quantization.matmul_nbits_quantizer [INFO] - skip to quantize /f5_transformer/transformer_blocks.1/attn/Add_1 ...
2026-08-13 20:57:04,044 onnxruntime.quantization.matmul_nbits_quantizer [INFO] - skip to quantize /f5_transformer/transformer_blocks.1/attn/Slice_3 ...
2026-08-13 20:57:04,044 onnxruntime.quantization.matmul_nbits_quantizer [INFO] - skip to quantize /f5_transformer/transformer_blocks.1/attn/Concat_1 ...
2026-08-13 20:57:04,044 onnxruntime.quantization.matmul_nbits_quantizer [INFO] - skip to quantize /f5_transformer/transformer_blocks.1/attn/Transpose_1 ...
2026-08-13 20:57:04,044 onnxruntime.quantization.matmul_nbits_quantizer [INFO] - start to quantize /f5_transformer/transformer_blocks.1/attn/MatMul ...
2026-08-13 20:57:04,044 onnxruntime.quantization.matmul_nbits_quantizer [INFO] - MatMul doesn't have const weight. Skip to quantize
2026-08-13 20:57:04,044 onnxruntime.quantization.matmul_nbits_quantizer [INFO] - complete quantization of /f5_transformer/transformer_blocks.1/attn/MatMul with 4 bits ...
2026-08-13 20:57:04,044 onnxruntime.quantization.matmul_nbits_quantizer [INFO] - skip to quantize /f5_transformer/transformer_blocks.1/attn/Softmax ...
2026-08-13 20:57:04,044 onnxruntime.quantization.matmul_nbits_quantizer [INFO] - start to quantize /f5_transformer/transformer_blocks.1/attn/MatMul_1 ...
2026-08-13 20:57:04,045 onnxruntime.quantization.matmul_nbits_quantizer [INFO] - MatMul doesn't have const weight. Skip to quantize
2026-08-13 20:57:04,045 onnxruntime.quantization.matmul_nbits_quantizer [INFO] - complete quantization of /f5_transformer/transformer_blocks.1/attn/MatMul_1 with 4 bits ...
2026-08-13 20:57:04,045 onnxruntime.quantization.matmul_nbits_quantizer [INFO] - skip to quantize /f5_transformer/transformer_blocks.1/attn/Transpose_2 ...
2026-08-13 20:57:04,045 onnxruntime.quantization.matmul_nbits_quantizer [INFO] - skip to quantize /f5_transformer/transformer_blocks.1/attn/Reshape_1 ...
2026-08-13 20:57:04,045 onnxruntime.quantization.matmul_nbits_quantizer [INFO] - start to quantize /f5_transformer/transformer_blocks.1/attn/to_out.0/MatMul ...
2026-08-13 20:57:04,046 onnxruntime.quantization.matmul_nbits_quantizer [INFO] - complete quantization of /f5_transformer/transformer_blocks.1/attn/to_out.0/MatMul with 4 bits ...
2026-08-13 20:57:04,046 onnxruntime.quantization.matmul_nbits_quantizer [INFO] - skip to quantize /f5_transformer/transformer_blocks.1/attn/to_out.0/Add ...
2026-08-13 20:57:04,046 onnxruntime.quantization.matmul_nbits_quantizer [INFO] - skip to quantize /f5_transformer/transformer_blocks.1/Mul ...
2026-08-13 20:57:04,046 onnxruntime.quantization.matmul_nbits_quantizer [INFO] - skip to quantize /f5_transformer/transformer_blocks.1/Add ...
2026-08-13 20:57:04,046 onnxruntime.quantization.matmul_nbits_quantizer [INFO] - skip to quantize /f5_transformer/transformer_blocks.1/ff_norm/LayerNormalization ...
2026-08-13 20:57:04,046 onnxruntime.quantization.matmul_nbits_quantizer [INFO] - skip to quantize /f5_transformer/transformer_blocks.1/Add_1 ...
2026-08-13 20:57:04,046 onnxruntime.quantization.matmul_nbits_quantizer [INFO] - skip to quantize /f5_transformer/transformer_blocks.1/Mul_1 ...
2026-08-13 20:57:04,046 onnxruntime.quantization.matmul_nbits_quantizer [INFO] - skip to quantize /f5_transformer/transformer_blocks.1/Add_2 ...
2026-08-13 20:57:04,046 onnxruntime.quantization.matmul_nbits_quantizer [INFO] - start to quantize /f5_transformer/transformer_blocks.1/ff/ff/ff.0/ff.0.0/MatMul ...
2026-08-13 20:57:04,048 onnxruntime.quantization.matmul_nbits_quantizer [INFO] - complete quantization of /f5_transformer/transformer_blocks.1/ff/ff/ff.0/ff.0.0/MatMul with 4 bits ...
2026-08-13 20:57:04,048 onnxruntime.quantization.matmul_nbits_quantizer [INFO] - skip to quantize /f5_transformer/transformer_blocks.1/ff/ff/ff.0/ff.0.0/Add ...
2026-08-13 20:57:04,048 onnxruntime.quantization.matmul_nbits_quantizer [INFO] - skip to quantize /f5_transformer/transformer_blocks.1/ff/ff/ff.0/ff.0.1/Gelu ...
2026-08-13 20:57:04,048 onnxruntime.quantization.matmul_nbits_quantizer [INFO] - start to quantize /f5_transformer/transformer_blocks.1/ff/ff/ff.2/MatMul ...
2026-08-13 20:57:04,051 onnxruntime.quantization.matmul_nbits_quantizer [INFO] - complete quantization of /f5_transformer/transformer_blocks.1/ff/ff/ff.2/MatMul with 4 bits ...
2026-08-13 20:57:04,051 onnxruntime.quantization.matmul_nbits_quantizer [INFO] - skip to quantize /f5_transformer/transformer_blocks.1/ff/ff/ff.2/Add ...
2026-08-13 20:57:04,051 onnxruntime.quantization.matmul_nbits_quantizer [INFO] - skip to quantize /f5_transformer/transformer_blocks.1/Mul_2 ...
2026-08-13 20:57:04,051 onnxruntime.quantization.matmul_nbits_quantizer [INFO] - skip to quantize /f5_transformer/transformer_blocks.1/Add_3 ...
2026-08-13 20:57:04,051 onnxruntime.quantization.matmul_nbits_quantizer [INFO] - skip to quantize /f5_transformer/transformer_blocks.2/attn_norm/Split ...
2026-08-13 20:57:04,051 onnxruntime.quantization.matmul_nbits_quantizer [INFO] - skip to quantize /f5_transformer/transformer_blocks.2/attn_norm/norm/LayerNormalization ...
2026-08-13 20:57:04,051 onnxruntime.quantization.matmul_nbits_quantizer [INFO] - skip to quantize /f5_transformer/transformer_blocks.2/attn_norm/Add ...
2026-08-13 20:57:04,051 onnxruntime.quantization.matmul_nbits_quantizer [INFO] - skip to quantize /f5_transformer/transformer_blocks.2/attn_norm/Mul ...
2026-08-13 20:57:04,051 onnxruntime.quantization.matmul_nbits_quantizer [INFO] - skip to quantize /f5_transformer/transformer_blocks.2/attn_norm/Add_1 ...
2026-08-13 20:57:04,051 onnxruntime.quantization.matmul_nbits_quantizer [INFO] - start to quantize /f5_transformer/transformer_blocks.2/attn/to_qkv/MatMul ...
2026-08-13 20:57:04,054 onnxruntime.quantization.matmul_nbits_quantizer [INFO] - complete quantization of /f5_transformer/transformer_blocks.2/attn/to_qkv/MatMul with 4 bits ...
2026-08-13 20:57:04,054 onnxruntime.quantization.matmul_nbits_quantizer [INFO] - skip to quantize /f5_transformer/transformer_blocks.2/attn/to_qkv/Add ...
2026-08-13 20:57:04,054 onnxruntime.quantization.matmul_nbits_quantizer [INFO] - skip to quantize /f5_transformer/transformer_blocks.2/attn/Reshape ...
2026-08-13 20:57:04,054 onnxruntime.quantization.matmul_nbits_quantizer [INFO] - skip to quantize /f5_transformer/transformer_blocks.2/attn/Transpose ...
2026-08-13 20:57:04,054 onnxruntime.quantization.matmul_nbits_quantizer [INFO] - skip to quantize /f5_transformer/transformer_blocks.2/attn/Split ...
2026-08-13 20:57:04,054 onnxruntime.quantization.matmul_nbits_quantizer [INFO] - skip to quantize /f5_transformer/transformer_blocks.2/attn/Split_1 ...
2026-08-13 20:57:04,054 onnxruntime.quantization.matmul_nbits_quantizer [INFO] - skip to quantize /f5_transformer/transformer_blocks.2/attn/Slice ...
2026-08-13 20:57:04,054 onnxruntime.quantization.matmul_nbits_quantizer [INFO] - skip to quantize /f5_transformer/transformer_blocks.2/attn/Mul ...
2026-08-13 20:57:04,054 onnxruntime.quantization.matmul_nbits_quantizer [INFO] - skip to quantize /f5_transformer/transformer_blocks.2/attn/Gather ...
2026-08-13 20:57:04,054 onnxruntime.quantization.matmul_nbits_quantizer [INFO] - skip to quantize /f5_transformer/transformer_blocks.2/attn/Mul_1 ...
2026-08-13 20:57:04,054 onnxruntime.quantization.matmul_nbits_quantizer [INFO] - skip to quantize /f5_transformer/transformer_blocks.2/attn/Add ...
2026-08-13 20:57:04,054 onnxruntime.quantization.matmul_nbits_quantizer [INFO] - skip to quantize /f5_transformer/transformer_blocks.2/attn/Slice_1 ...
2026-08-13 20:57:04,054 onnxruntime.quantization.matmul_nbits_quantizer [INFO] - skip to quantize /f5_transformer/transformer_blocks.2/attn/Concat ...
2026-08-13 20:57:04,054 onnxruntime.quantization.matmul_nbits_quantizer [INFO] - skip to quantize /f5_transformer/transformer_blocks.2/attn/Slice_2 ...
2026-08-13 20:57:04,054 onnxruntime.quantization.matmul_nbits_quantizer [INFO] - skip to quantize /f5_transformer/transformer_blocks.2/attn/Mul_2 ...
2026-08-13 20:57:04,054 onnxruntime.quantization.matmul_nbits_quantizer [INFO] - skip to quantize /f5_transformer/transformer_blocks.2/attn/Gather_1 ...
2026-08-13 20:57:04,054 onnxruntime.quantization.matmul_nbits_quantizer [INFO] - skip to quantize /f5_transformer/transformer_blocks.2/attn/Mul_3 ...
2026-08-13 20:57:04,054 onnxruntime.quantization.matmul_nbits_quantizer [INFO] - skip to quantize /f5_transformer/transformer_blocks.2/attn/Add_1 ...
2026-08-13 20:57:04,054 onnxruntime.quantization.matmul_nbits_quantizer [INFO] - skip to quantize /f5_transformer/transformer_blocks.2/attn/Slice_3 ...
2026-08-13 20:57:04,054 onnxruntime.quantization.matmul_nbits_quantizer [INFO] - skip to quantize /f5_transformer/transformer_blocks.2/attn/Concat_1 ...
2026-08-13 20:57:04,054 onnxruntime.quantization.matmul_nbits_quantizer [INFO] - skip to quantize /f5_transformer/transformer_blocks.2/attn/Transpose_1 ...
2026-08-13 20:57:04,054 onnxruntime.quantization.matmul_nbits_quantizer [INFO] - start to quantize /f5_transformer/transformer_blocks.2/attn/MatMul ...
2026-08-13 20:57:04,055 onnxruntime.quantization.matmul_nbits_quantizer [INFO] - MatMul doesn't have const weight. Skip to quantize
2026-08-13 20:57:04,055 onnxruntime.quantization.matmul_nbits_quantizer [INFO] - complete quantization of /f5_transformer/transformer_blocks.2/attn/MatMul with 4 bits ...
2026-08-13 20:57:04,055 onnxruntime.quantization.matmul_nbits_quantizer [INFO] - skip to quantize /f5_transformer/transformer_blocks.2/attn/Softmax ...
2026-08-13 20:57:04,055 onnxruntime.quantization.matmul_nbits_quantizer [INFO] - start to quantize /f5_transformer/transformer_blocks.2/attn/MatMul_1 ...
2026-08-13 20:57:04,055 onnxruntime.quantization.matmul_nbits_quantizer [INFO] - MatMul doesn't have const weight. Skip to quantize
2026-08-13 20:57:04,055 onnxruntime.quantization.matmul_nbits_quantizer [INFO] - complete quantization of /f5_transformer/transformer_blocks.2/attn/MatMul_1 with 4 bits ...
2026-08-13 20:57:04,055 onnxruntime.quantization.matmul_nbits_quantizer [INFO] - skip to quantize /f5_transformer/transformer_blocks.2/attn/Transpose_2 ...
2026-08-13 20:57:04,055 onnxruntime.quantization.matmul_nbits_quantizer [INFO] - skip to quantize /f5_transformer/transformer_blocks.2/attn/Reshape_1 ...
2026-08-13 20:57:04,055 onnxruntime.quantization.matmul_nbits_quantizer [INFO] - start to quantize /f5_transformer/transformer_blocks.2/attn/to_out.0/MatMul ...
2026-08-13 20:57:04,056 onnxruntime.quantization.matmul_nbits_quantizer [INFO] - complete quantization of /f5_transformer/transformer_blocks.2/attn/to_out.0/MatMul with 4 bits ...
2026-08-13 20:57:04,056 onnxruntime.quantization.matmul_nbits_quantizer [INFO] - skip to quantize /f5_transformer/transformer_blocks.2/attn/to_out.0/Add ...
2026-08-13 20:57:04,056 onnxruntime.quantization.matmul_nbits_quantizer [INFO] - skip to quantize /f5_transformer/transformer_blocks.2/Mul ...
2026-08-13 20:57:04,056 onnxruntime.quantization.matmul_nbits_quantizer [INFO] - skip to quantize /f5_transformer/transformer_blocks.2/Add ...
2026-08-13 20:57:04,056 onnxruntime.quantization.matmul_nbits_quantizer [INFO] - skip to quantize /f5_transformer/transformer_blocks.2/ff_norm/LayerNormalization ...
2026-08-13 20:57:04,056 onnxruntime.quantization.matmul_nbits_quantizer [INFO] - skip to quantize /f5_transformer/transformer_blocks.2/Add_1 ...
2026-08-13 20:57:04,056 onnxruntime.quantization.matmul_nbits_quantizer [INFO] - skip to quantize /f5_transformer/transformer_blocks.2/Mul_1 ...
2026-08-13 20:57:04,056 onnxruntime.quantization.matmul_nbits_quantizer [INFO] - skip to quantize /f5_transformer/transformer_blocks.2/Add_2 ...
2026-08-13 20:57:04,056 onnxruntime.quantization.matmul_nbits_quantizer [INFO] - start to quantize /f5_transformer/transformer_blocks.2/ff/ff/ff.0/ff.0.0/MatMul ...
2026-08-13 20:57:04,059 onnxruntime.quantization.matmul_nbits_quantizer [INFO] - complete quantization of /f5_transformer/transformer_blocks.2/ff/ff/ff.0/ff.0.0/MatMul with 4 bits ...
2026-08-13 20:57:04,059 onnxruntime.quantization.matmul_nbits_quantizer [INFO] - skip to quantize /f5_transformer/transformer_blocks.2/ff/ff/ff.0/ff.0.0/Add ...
2026-08-13 20:57:04,059 onnxruntime.quantization.matmul_nbits_quantizer [INFO] - skip to quantize /f5_transformer/transformer_blocks.2/ff/ff/ff.0/ff.0.1/Gelu ...
2026-08-13 20:57:04,059 onnxruntime.quantization.matmul_nbits_quantizer [INFO] - start to quantize /f5_transformer/transformer_blocks.2/ff/ff/ff.2/MatMul ...
2026-08-13 20:57:04,061 onnxruntime.quantization.matmul_nbits_quantizer [INFO] - complete quantization of /f5_transformer/transformer_blocks.2/ff/ff/ff.2/MatMul with 4 bits ...
2026-08-13 20:57:04,061 onnxruntime.quantization.matmul_nbits_quantizer [INFO] - skip to quantize /f5_transformer/transformer_blocks.2/ff/ff/ff.2/Add ...
2026-08-13 20:57:04,061 onnxruntime.quantization.matmul_nbits_quantizer [INFO] - skip to quantize /f5_transformer/transformer_blocks.2/Mul_2 ...
2026-08-13 20:57:04,061 onnxruntime.quantization.matmul_nbits_quantizer [INFO] - skip to quantize /f5_transformer/transformer_blocks.2/Add_3 ...
2026-08-13 20:57:04,061 onnxruntime.quantization.matmul_nbits_quantizer [INFO] - skip to quantize /f5_transformer/transformer_blocks.3/attn_norm/Split ...
2026-08-13 20:57:04,061 onnxruntime.quantization.matmul_nbits_quantizer [INFO] - skip to quantize /f5_transformer/transformer_blocks.3/attn_norm/norm/LayerNormalization ...
2026-08-13 20:57:04,061 onnxruntime.quantization.matmul_nbits_quantizer [INFO] - skip to quantize /f5_transformer/transformer_blocks.3/attn_norm/Add ...
2026-08-13 20:57:04,061 onnxruntime.quantization.matmul_nbits_quantizer [INFO] - skip to quantize /f5_transformer/transformer_blocks.3/attn_norm/Mul ...
2026-08-13 20:57:04,061 onnxruntime.quantization.matmul_nbits_quantizer [INFO] - skip to quantize /f5_transformer/transformer_blocks.3/attn_norm/Add_1 ...
2026-08-13 20:57:04,061 onnxruntime.quantization.matmul_nbits_quantizer [INFO] - start to quantize /f5_transformer/transformer_blocks.3/attn/to_qkv/MatMul ...
2026-08-13 20:57:04,064 onnxruntime.quantization.matmul_nbits_quantizer [INFO] - complete quantization of /f5_transformer/transformer_blocks.3/attn/to_qkv/MatMul with 4 bits ...
2026-08-13 20:57:04,064 onnxruntime.quantization.matmul_nbits_quantizer [INFO] - skip to quantize /f5_transformer/transformer_blocks.3/attn/to_qkv/Add ...
2026-08-13 20:57:04,064 onnxruntime.quantization.matmul_nbits_quantizer [INFO] - skip to quantize /f5_transformer/transformer_blocks.3/attn/Reshape ...
2026-08-13 20:57:04,064 onnxruntime.quantization.matmul_nbits_quantizer [INFO] - skip to quantize /f5_transformer/transformer_blocks.3/attn/Transpose ...
2026-08-13 20:57:04,064 onnxruntime.quantization.matmul_nbits_quantizer [INFO] - skip to quantize /f5_transformer/transformer_blocks.3/attn/Split ...
2026-08-13 20:57:04,064 onnxruntime.quantization.matmul_nbits_quantizer [INFO] - skip to quantize /f5_transformer/transformer_blocks.3/attn/Split_1 ...
2026-08-13 20:57:04,064 onnxruntime.quantization.matmul_nbits_quantizer [INFO] - skip to quantize /f5_transformer/transformer_blocks.3/attn/Slice ...
2026-08-13 20:57:04,064 onnxruntime.quantization.matmul_nbits_quantizer [INFO] - skip to quantize /f5_transformer/transformer_blocks.3/attn/Mul ...
2026-08-13 20:57:04,064 onnxruntime.quantization.matmul_nbits_quantizer [INFO] - skip to quantize /f5_transformer/transformer_blocks.3/attn/Gather ...
2026-08-13 20:57:04,064 onnxruntime.quantization.matmul_nbits_quantizer [INFO] - skip to quantize /f5_transformer/transformer_blocks.3/attn/Mul_1 ...
2026-08-13 20:57:04,064 onnxruntime.quantization.matmul_nbits_quantizer [INFO] - skip to quantize /f5_transformer/transformer_blocks.3/attn/Add ...
2026-08-13 20:57:04,064 onnxruntime.quantization.matmul_nbits_quantizer [INFO] - skip to quantize /f5_transformer/transformer_blocks.3/attn/Slice_1 ...
2026-08-13 20:57:04,064 onnxruntime.quantization.matmul_nbits_quantizer [INFO] - skip to quantize /f5_transformer/transformer_blocks.3/attn/Concat ...
2026-08-13 20:57:04,064 onnxruntime.quantization.matmul_nbits_quantizer [INFO] - skip to quantize /f5_transformer/transformer_blocks.3/attn/Slice_2 ...
2026-08-13 20:57:04,064 onnxruntime.quantization.matmul_nbits_quantizer [INFO] - skip to quantize /f5_transformer/transformer_blocks.3/attn/Mul_2 ...
2026-08-13 20:57:04,064 onnxruntime.quantization.matmul_nbits_quantizer [INFO] - skip to quantize /f5_transformer/transformer_blocks.3/attn/Gather_1 ...
2026-08-13 20:57:04,064 onnxruntime.quantization.matmul_nbits_quantizer [INFO] - skip to quantize /f5_transformer/transformer_blocks.3/attn/Mul_3 ...
2026-08-13 20:57:04,064 onnxruntime.quantization.matmul_nbits_quantizer [INFO] - skip to quantize /f5_transformer/transformer_blocks.3/attn/Add_1 ...
2026-08-13 20:57:04,064 onnxruntime.quantization.matmul_nbits_quantizer [INFO] - skip to quantize /f5_transformer/transformer_blocks.3/attn/Slice_3 ...
2026-08-13 20:57:04,064 onnxruntime.quantization.matmul_nbits_quantizer [INFO] - skip to quantize /f5_transformer/transformer_blocks.3/attn/Concat_1 ...
2026-08-13 20:57:04,064 onnxruntime.quantization.matmul_nbits_quantizer [INFO] - skip to quantize /f5_transformer/transformer_blocks.3/attn/Transpose_1 ...
2026-08-13 20:57:04,064 onnxruntime.quantization.matmul_nbits_quantizer [INFO] - start to quantize /f5_transformer/transformer_blocks.3/attn/MatMul ...
2026-08-13 20:57:04,065 onnxruntime.quantization.matmul_nbits_quantizer [INFO] - MatMul doesn't have const weight. Skip to quantize
2026-08-13 20:57:04,065 onnxruntime.quantization.matmul_nbits_quantizer [INFO] - complete quantization of /f5_transformer/transformer_blocks.3/attn/MatMul with 4 bits ...
2026-08-13 20:57:04,065 onnxruntime.quantization.matmul_nbits_quantizer [INFO] - skip to quantize /f5_transformer/transformer_blocks.3/attn/Softmax ...
2026-08-13 20:57:04,065 onnxruntime.quantization.matmul_nbits_quantizer [INFO] - start to quantize /f5_transformer/transformer_blocks.3/attn/MatMul_1 ...
2026-08-13 20:57:04,065 onnxruntime.quantization.matmul_nbits_quantizer [INFO] - MatMul doesn't have const weight. Skip to quantize
2026-08-13 20:57:04,065 onnxruntime.quantization.matmul_nbits_quantizer [INFO] - complete quantization of /f5_transformer/transformer_blocks.3/attn/MatMul_1 with 4 bits ...
2026-08-13 20:57:04,065 onnxruntime.quantization.matmul_nbits_quantizer [INFO] - skip to quantize /f5_transformer/transformer_blocks.3/attn/Transpose_2 ...
2026-08-13 20:57:04,065 onnxruntime.quantization.matmul_nbits_quantizer [INFO] - skip to quantize /f5_transformer/transformer_blocks.3/attn/Reshape_1 ...
2026-08-13 20:57:04,065 onnxruntime.quantization.matmul_nbits_quantizer [INFO] - start to quantize /f5_transformer/transformer_blocks.3/attn/to_out.0/MatMul ...
2026-08-13 20:57:04,066 onnxruntime.quantization.matmul_nbits_quantizer [INFO] - complete quantization of /f5_transformer/transformer_blocks.3/attn/to_out.0/MatMul with 4 bits ...
2026-08-13 20:57:04,066 onnxruntime.quantization.matmul_nbits_quantizer [INFO] - skip to quantize /f5_transformer/transformer_blocks.3/attn/to_out.0/Add ...
2026-08-13 20:57:04,066 onnxruntime.quantization.matmul_nbits_quantizer [INFO] - skip to quantize /f5_transformer/transformer_blocks.3/Mul ...
2026-08-13 20:57:04,066 onnxruntime.quantization.matmul_nbits_quantizer [INFO] - skip to quantize /f5_transformer/transformer_blocks.3/Add ...
2026-08-13 20:57:04,066 onnxruntime.quantization.matmul_nbits_quantizer [INFO] - skip to quantize /f5_transformer/transformer_blocks.3/ff_norm/LayerNormalization ...
2026-08-13 20:57:04,066 onnxruntime.quantization.matmul_nbits_quantizer [INFO] - skip to quantize /f5_transformer/transformer_blocks.3/Add_1 ...
2026-08-13 20:57:04,066 onnxruntime.quantization.matmul_nbits_quantizer [INFO] - skip to quantize /f5_transformer/transformer_blocks.3/Mul_1 ...
2026-08-13 20:57:04,066 onnxruntime.quantization.matmul_nbits_quantizer [INFO] - skip to quantize /f5_transformer/transformer_blocks.3/Add_2 ...
2026-08-13 20:57:04,066 onnxruntime.quantization.matmul_nbits_quantizer [INFO] - start to quantize /f5_transformer/transformer_blocks.3/ff/ff/ff.0/ff.0.0/MatMul ...
2026-08-13 20:57:04,069 onnxruntime.quantization.matmul_nbits_quantizer [INFO] - complete quantization of /f5_transformer/transformer_blocks.3/ff/ff/ff.0/ff.0.0/MatMul with 4 bits ...
2026-08-13 20:57:04,069 onnxruntime.quantization.matmul_nbits_quantizer [INFO] - skip to quantize /f5_transformer/transformer_blocks.3/ff/ff/ff.0/ff.0.0/Add ...
2026-08-13 20:57:04,069 onnxruntime.quantization.matmul_nbits_quantizer [INFO] - skip to quantize /f5_transformer/transformer_blocks.3/ff/ff/ff.0/ff.0.1/Gelu ...
2026-08-13 20:57:04,069 onnxruntime.quantization.matmul_nbits_quantizer [INFO] - start to quantize /f5_transformer/transformer_blocks.3/ff/ff/ff.2/MatMul ...
2026-08-13 20:57:04,071 onnxruntime.quantization.matmul_nbits_quantizer [INFO] - complete quantization of /f5_transformer/transformer_blocks.3/ff/ff/ff.2/MatMul with 4 bits ...
2026-08-13 20:57:04,071 onnxruntime.quantization.matmul_nbits_quantizer [INFO] - skip to quantize /f5_transformer/transformer_blocks.3/ff/ff/ff.2/Add ...
2026-08-13 20:57:04,071 onnxruntime.quantization.matmul_nbits_quantizer [INFO] - skip to quantize /f5_transformer/transformer_blocks.3/Mul_2 ...
2026-08-13 20:57:04,071 onnxruntime.quantization.matmul_nbits_quantizer [INFO] - skip to quantize /f5_transformer/transformer_blocks.3/Add_3 ...
2026-08-13 20:57:04,071 onnxruntime.quantization.matmul_nbits_quantizer [INFO] - skip to quantize /f5_transformer/transformer_blocks.4/attn_norm/Split ...
2026-08-13 20:57:04,071 onnxruntime.quantization.matmul_nbits_quantizer [INFO] - skip to quantize /f5_transformer/transformer_blocks.4/attn_norm/norm/LayerNormalization ...
2026-08-13 20:57:04,071 onnxruntime.quantization.matmul_nbits_quantizer [INFO] - skip to quantize /f5_transformer/transformer_blocks.4/attn_norm/Add ...
2026-08-13 20:57:04,071 onnxruntime.quantization.matmul_nbits_quantizer [INFO] - skip to quantize /f5_transformer/transformer_blocks.4/attn_norm/Mul ...
2026-08-13 20:57:04,071 onnxruntime.quantization.matmul_nbits_quantizer [INFO] - skip to quantize /f5_transformer/transformer_blocks.4/attn_norm/Add_1 ...
2026-08-13 20:57:04,071 onnxruntime.quantization.matmul_nbits_quantizer [INFO] - start to quantize /f5_transformer/transformer_blocks.4/attn/to_qkv/MatMul ...
2026-08-13 20:57:04,074 onnxruntime.quantization.matmul_nbits_quantizer [INFO] - complete quantization of /f5_transformer/transformer_blocks.4/attn/to_qkv/MatMul with 4 bits ...
2026-08-13 20:57:04,074 onnxruntime.quantization.matmul_nbits_quantizer [INFO] - skip to quantize /f5_transformer/transformer_blocks.4/attn/to_qkv/Add ...
2026-08-13 20:57:04,074 onnxruntime.quantization.matmul_nbits_quantizer [INFO] - skip to quantize /f5_transformer/transformer_blocks.4/attn/Reshape ...
2026-08-13 20:57:04,074 onnxruntime.quantization.matmul_nbits_quantizer [INFO] - skip to quantize /f5_transformer/transformer_blocks.4/attn/Transpose ...
2026-08-13 20:57:04,074 onnxruntime.quantization.matmul_nbits_quantizer [INFO] - skip to quantize /f5_transformer/transformer_blocks.4/attn/Split ...
2026-08-13 20:57:04,074 onnxruntime.quantization.matmul_nbits_quantizer [INFO] - skip to quantize /f5_transformer/transformer_blocks.4/attn/Split_1 ...
2026-08-13 20:57:04,074 onnxruntime.quantization.matmul_nbits_quantizer [INFO] - skip to quantize /f5_transformer/transformer_blocks.4/attn/Slice ...
2026-08-13 20:57:04,074 onnxruntime.quantization.matmul_nbits_quantizer [INFO] - skip to quantize /f5_transformer/transformer_blocks.4/attn/Mul ...
2026-08-13 20:57:04,074 onnxruntime.quantization.matmul_nbits_quantizer [INFO] - skip to quantize /f5_transformer/transformer_blocks.4/attn/Gather ...
2026-08-13 20:57:04,074 onnxruntime.quantization.matmul_nbits_quantizer [INFO] - skip to quantize /f5_transformer/transformer_blocks.4/attn/Mul_1 ...
2026-08-13 20:57:04,074 onnxruntime.quantization.matmul_nbits_quantizer [INFO] - skip to quantize /f5_transformer/transformer_blocks.4/attn/Add ...
2026-08-13 20:57:04,074 onnxruntime.quantization.matmul_nbits_quantizer [INFO] - skip to quantize /f5_transformer/transformer_blocks.4/attn/Slice_1 ...
2026-08-13 20:57:04,074 onnxruntime.quantization.matmul_nbits_quantizer [INFO] - skip to quantize /f5_transformer/transformer_blocks.4/attn/Concat ...
2026-08-13 20:57:04,074 onnxruntime.quantization.matmul_nbits_quantizer [INFO] - skip to quantize /f5_transformer/transformer_blocks.4/attn/Slice_2 ...
2026-08-13 20:57:04,074 onnxruntime.quantization.matmul_nbits_quantizer [INFO] - skip to quantize /f5_transformer/transformer_blocks.4/attn/Mul_2 ...
2026-08-13 20:57:04,074 onnxruntime.quantization.matmul_nbits_quantizer [INFO] - skip to quantize /f5_transformer/transformer_blocks.4/attn/Gather_1 ...
2026-08-13 20:57:04,074 onnxruntime.quantization.matmul_nbits_quantizer [INFO] - skip to quantize /f5_transformer/transformer_blocks.4/attn/Mul_3 ...
2026-08-13 20:57:04,074 onnxruntime.quantization.matmul_nbits_quantizer [INFO] - skip to quantize /f5_transformer/transformer_blocks.4/attn/Add_1 ...
2026-08-13 20:57:04,074 onnxruntime.quantization.matmul_nbits_quantizer [INFO] - skip to quantize /f5_transformer/transformer_blocks.4/attn/Slice_3 ...
2026-08-13 20:57:04,074 onnxruntime.quantization.matmul_nbits_quantizer [INFO] - skip to quantize /f5_transformer/transformer_blocks.4/attn/Concat_1 ...
2026-08-13 20:57:04,074 onnxruntime.quantization.matmul_nbits_quantizer [INFO] - skip to quantize /f5_transformer/transformer_blocks.4/attn/Transpose_1 ...
2026-08-13 20:57:04,074 onnxruntime.quantization.matmul_nbits_quantizer [INFO] - start to quantize /f5_transformer/transformer_blocks.4/attn/MatMul ...
2026-08-13 20:57:04,074 onnxruntime.quantization.matmul_nbits_quantizer [INFO] - MatMul doesn't have const weight. Skip to quantize
2026-08-13 20:57:04,074 onnxruntime.quantization.matmul_nbits_quantizer [INFO] - complete quantization of /f5_transformer/transformer_blocks.4/attn/MatMul with 4 bits ...
2026-08-13 20:57:04,074 onnxruntime.quantization.matmul_nbits_quantizer [INFO] - skip to quantize /f5_transformer/transformer_blocks.4/attn/Softmax ...
2026-08-13 20:57:04,074 onnxruntime.quantization.matmul_nbits_quantizer [INFO] - start to quantize /f5_transformer/transformer_blocks.4/attn/MatMul_1 ...
2026-08-13 20:57:04,075 onnxruntime.quantization.matmul_nbits_quantizer [INFO] - MatMul doesn't have const weight. Skip to quantize
2026-08-13 20:57:04,075 onnxruntime.quantization.matmul_nbits_quantizer [INFO] - complete quantization of /f5_transformer/transformer_blocks.4/attn/MatMul_1 with 4 bits ...
2026-08-13 20:57:04,075 onnxruntime.quantization.matmul_nbits_quantizer [INFO] - skip to quantize /f5_transformer/transformer_blocks.4/attn/Transpose_2 ...
2026-08-13 20:57:04,075 onnxruntime.quantization.matmul_nbits_quantizer [INFO] - skip to quantize /f5_transformer/transformer_blocks.4/attn/Reshape_1 ...
2026-08-13 20:57:04,075 onnxruntime.quantization.matmul_nbits_quantizer [INFO] - start to quantize /f5_transformer/transformer_blocks.4/attn/to_out.0/MatMul ...
2026-08-13 20:57:04,076 onnxruntime.quantization.matmul_nbits_quantizer [INFO] - complete quantization of /f5_transformer/transformer_blocks.4/attn/to_out.0/MatMul with 4 bits ...
2026-08-13 20:57:04,076 onnxruntime.quantization.matmul_nbits_quantizer [INFO] - skip to quantize /f5_transformer/transformer_blocks.4/attn/to_out.0/Add ...
2026-08-13 20:57:04,076 onnxruntime.quantization.matmul_nbits_quantizer [INFO] - skip to quantize /f5_transformer/transformer_blocks.4/Mul ...
2026-08-13 20:57:04,076 onnxruntime.quantization.matmul_nbits_quantizer [INFO] - skip to quantize /f5_transformer/transformer_blocks.4/Add ...
2026-08-13 20:57:04,076 onnxruntime.quantization.matmul_nbits_quantizer [INFO] - skip to quantize /f5_transformer/transformer_blocks.4/ff_norm/LayerNormalization ...
2026-08-13 20:57:04,076 onnxruntime.quantization.matmul_nbits_quantizer [INFO] - skip to quantize /f5_transformer/transformer_blocks.4/Add_1 ...
2026-08-13 20:57:04,076 onnxruntime.quantization.matmul_nbits_quantizer [INFO] - skip to quantize /f5_transformer/transformer_blocks.4/Mul_1 ...
2026-08-13 20:57:04,076 onnxruntime.quantization.matmul_nbits_quantizer [INFO] - skip to quantize /f5_transformer/transformer_blocks.4/Add_2 ...
2026-08-13 20:57:04,076 onnxruntime.quantization.matmul_nbits_quantizer [INFO] - start to quantize /f5_transformer/transformer_blocks.4/ff/ff/ff.0/ff.0.0/MatMul ...
2026-08-13 20:57:04,078 onnxruntime.quantization.matmul_nbits_quantizer [INFO] - complete quantization of /f5_transformer/transformer_blocks.4/ff/ff/ff.0/ff.0.0/MatMul with 4 bits ...
2026-08-13 20:57:04,078 onnxruntime.quantization.matmul_nbits_quantizer [INFO] - skip to quantize /f5_transformer/transformer_blocks.4/ff/ff/ff.0/ff.0.0/Add ...
2026-08-13 20:57:04,078 onnxruntime.quantization.matmul_nbits_quantizer [INFO] - skip to quantize /f5_transformer/transformer_blocks.4/ff/ff/ff.0/ff.0.1/Gelu ...
2026-08-13 20:57:04,078 onnxruntime.quantization.matmul_nbits_quantizer [INFO] - start to quantize /f5_transformer/transformer_blocks.4/ff/ff/ff.2/MatMul ...
2026-08-13 20:57:04,081 onnxruntime.quantization.matmul_nbits_quantizer [INFO] - complete quantization of /f5_transformer/transformer_blocks.4/ff/ff/ff.2/MatMul with 4 bits ...
2026-08-13 20:57:04,081 onnxruntime.quantization.matmul_nbits_quantizer [INFO] - skip to quantize /f5_transformer/transformer_blocks.4/ff/ff/ff.2/Add ...
2026-08-13 20:57:04,081 onnxruntime.quantization.matmul_nbits_quantizer [INFO] - skip to quantize /f5_transformer/transformer_blocks.4/Mul_2 ...
2026-08-13 20:57:04,081 onnxruntime.quantization.matmul_nbits_quantizer [INFO] - skip to quantize /f5_transformer/transformer_blocks.4/Add_3 ...
2026-08-13 20:57:04,081 onnxruntime.quantization.matmul_nbits_quantizer [INFO] - skip to quantize /f5_transformer/transformer_blocks.5/attn_norm/Split ...
2026-08-13 20:57:04,081 onnxruntime.quantization.matmul_nbits_quantizer [INFO] - skip to quantize /f5_transformer/transformer_blocks.5/attn_norm/norm/LayerNormalization ...
2026-08-13 20:57:04,081 onnxruntime.quantization.matmul_nbits_quantizer [INFO] - skip to quantize /f5_transformer/transformer_blocks.5/attn_norm/Add ...
2026-08-13 20:57:04,081 onnxruntime.quantization.matmul_nbits_quantizer [INFO] - skip to quantize /f5_transformer/transformer_blocks.5/attn_norm/Mul ...
2026-08-13 20:57:04,081 onnxruntime.quantization.matmul_nbits_quantizer [INFO] - skip to quantize /f5_transformer/transformer_blocks.5/attn_norm/Add_1 ...
2026-08-13 20:57:04,081 onnxruntime.quantization.matmul_nbits_quantizer [INFO] - start to quantize /f5_transformer/transformer_blocks.5/attn/to_qkv/MatMul ...
2026-08-13 20:57:04,084 onnxruntime.quantization.matmul_nbits_quantizer [INFO] - complete quantization of /f5_transformer/transformer_blocks.5/attn/to_qkv/MatMul with 4 bits ...
2026-08-13 20:57:04,084 onnxruntime.quantization.matmul_nbits_quantizer [INFO] - skip to quantize /f5_transformer/transformer_blocks.5/attn/to_qkv/Add ...
2026-08-13 20:57:04,084 onnxruntime.quantization.matmul_nbits_quantizer [INFO] - skip to quantize /f5_transformer/transformer_blocks.5/attn/Reshape ...
2026-08-13 20:57:04,084 onnxruntime.quantization.matmul_nbits_quantizer [INFO] - skip to quantize /f5_transformer/transformer_blocks.5/attn/Transpose ...
2026-08-13 20:57:04,084 onnxruntime.quantization.matmul_nbits_quantizer [INFO] - skip to quantize /f5_transformer/transformer_blocks.5/attn/Split ...
2026-08-13 20:57:04,084 onnxruntime.quantization.matmul_nbits_quantizer [INFO] - skip to quantize /f5_transformer/transformer_blocks.5/attn/Split_1 ...
2026-08-13 20:57:04,084 onnxruntime.quantization.matmul_nbits_quantizer [INFO] - skip to quantize /f5_transformer/transformer_blocks.5/attn/Slice ...
2026-08-13 20:57:04,084 onnxruntime.quantization.matmul_nbits_quantizer [INFO] - skip to quantize /f5_transformer/transformer_blocks.5/attn/Mul ...
2026-08-13 20:57:04,084 onnxruntime.quantization.matmul_nbits_quantizer [INFO] - skip to quantize /f5_transformer/transformer_blocks.5/attn/Gather ...
2026-08-13 20:57:04,084 onnxruntime.quantization.matmul_nbits_quantizer [INFO] - skip to quantize /f5_transformer/transformer_blocks.5/attn/Mul_1 ...
2026-08-13 20:57:04,084 onnxruntime.quantization.matmul_nbits_quantizer [INFO] - skip to quantize /f5_transformer/transformer_blocks.5/attn/Add ...
2026-08-13 20:57:04,084 onnxruntime.quantization.matmul_nbits_quantizer [INFO] - skip to quantize /f5_transformer/transformer_blocks.5/attn/Slice_1 ...
2026-08-13 20:57:04,084 onnxruntime.quantization.matmul_nbits_quantizer [INFO] - skip to quantize /f5_transformer/transformer_blocks.5/attn/Concat ...
2026-08-13 20:57:04,084 onnxruntime.quantization.matmul_nbits_quantizer [INFO] - skip to quantize /f5_transformer/transformer_blocks.5/attn/Slice_2 ...
2026-08-13 20:57:04,084 onnxruntime.quantization.matmul_nbits_quantizer [INFO] - skip to quantize /f5_transformer/transformer_blocks.5/attn/Mul_2 ...
2026-08-13 20:57:04,084 onnxruntime.quantization.matmul_nbits_quantizer [INFO] - skip to quantize /f5_transformer/transformer_blocks.5/attn/Gather_1 ...
2026-08-13 20:57:04,084 onnxruntime.quantization.matmul_nbits_quantizer [INFO] - skip to quantize /f5_transformer/transformer_blocks.5/attn/Mul_3 ...
2026-08-13 20:57:04,084 onnxruntime.quantization.matmul_nbits_quantizer [INFO] - skip to quantize /f5_transformer/transformer_blocks.5/attn/Add_1 ...
2026-08-13 20:57:04,084 onnxruntime.quantization.matmul_nbits_quantizer [INFO] - skip to quantize /f5_transformer/transformer_blocks.5/attn/Slice_3 ...
2026-08-13 20:57:04,084 onnxruntime.quantization.matmul_nbits_quantizer [INFO] - skip to quantize /f5_transformer/transformer_blocks.5/attn/Concat_1 ...
2026-08-13 20:57:04,084 onnxruntime.quantization.matmul_nbits_quantizer [INFO] - skip to quantize /f5_transformer/transformer_blocks.5/attn/Transpose_1 ...
2026-08-13 20:57:04,084 onnxruntime.quantization.matmul_nbits_quantizer [INFO] - start to quantize /f5_transformer/transformer_blocks.5/attn/MatMul ...
2026-08-13 20:57:04,084 onnxruntime.quantization.matmul_nbits_quantizer [INFO] - MatMul doesn't have const weight. Skip to quantize
2026-08-13 20:57:04,084 onnxruntime.quantization.matmul_nbits_quantizer [INFO] - complete quantization of /f5_transformer/transformer_blocks.5/attn/MatMul with 4 bits ...
2026-08-13 20:57:04,084 onnxruntime.quantization.matmul_nbits_quantizer [INFO] - skip to quantize /f5_transformer/transformer_blocks.5/attn/Softmax ...
2026-08-13 20:57:04,084 onnxruntime.quantization.matmul_nbits_quantizer [INFO] - start to quantize /f5_transformer/transformer_blocks.5/attn/MatMul_1 ...
2026-08-13 20:57:04,084 onnxruntime.quantization.matmul_nbits_quantizer [INFO] - MatMul doesn't have const weight. Skip to quantize
2026-08-13 20:57:04,084 onnxruntime.quantization.matmul_nbits_quantizer [INFO] - complete quantization of /f5_transformer/transformer_blocks.5/attn/MatMul_1 with 4 bits ...
2026-08-13 20:57:04,084 onnxruntime.quantization.matmul_nbits_quantizer [INFO] - skip to quantize /f5_transformer/transformer_blocks.5/attn/Transpose_2 ...
2026-08-13 20:57:04,084 onnxruntime.quantization.matmul_nbits_quantizer [INFO] - skip to quantize /f5_transformer/transformer_blocks.5/attn/Reshape_1 ...
2026-08-13 20:57:04,084 onnxruntime.quantization.matmul_nbits_quantizer [INFO] - start to quantize /f5_transformer/transformer_blocks.5/attn/to_out.0/MatMul ...
2026-08-13 20:57:04,086 onnxruntime.quantization.matmul_nbits_quantizer [INFO] - complete quantization of /f5_transformer/transformer_blocks.5/attn/to_out.0/MatMul with 4 bits ...
2026-08-13 20:57:04,086 onnxruntime.quantization.matmul_nbits_quantizer [INFO] - skip to quantize /f5_transformer/transformer_blocks.5/attn/to_out.0/Add ...
2026-08-13 20:57:04,086 onnxruntime.quantization.matmul_nbits_quantizer [INFO] - skip to quantize /f5_transformer/transformer_blocks.5/Mul ...
2026-08-13 20:57:04,086 onnxruntime.quantization.matmul_nbits_quantizer [INFO] - skip to quantize /f5_transformer/transformer_blocks.5/Add ...
2026-08-13 20:57:04,086 onnxruntime.quantization.matmul_nbits_quantizer [INFO] - skip to quantize /f5_transformer/transformer_blocks.5/ff_norm/LayerNormalization ...
2026-08-13 20:57:04,086 onnxruntime.quantization.matmul_nbits_quantizer [INFO] - skip to quantize /f5_transformer/transformer_blocks.5/Add_1 ...
2026-08-13 20:57:04,086 onnxruntime.quantization.matmul_nbits_quantizer [INFO] - skip to quantize /f5_transformer/transformer_blocks.5/Mul_1 ...
2026-08-13 20:57:04,086 onnxruntime.quantization.matmul_nbits_quantizer [INFO] - skip to quantize /f5_transformer/transformer_blocks.5/Add_2 ...
2026-08-13 20:57:04,086 onnxruntime.quantization.matmul_nbits_quantizer [INFO] - start to quantize /f5_transformer/transformer_blocks.5/ff/ff/ff.0/ff.0.0/MatMul ...
2026-08-13 20:57:04,088 onnxruntime.quantization.matmul_nbits_quantizer [INFO] - complete quantization of /f5_transformer/transformer_blocks.5/ff/ff/ff.0/ff.0.0/MatMul with 4 bits ...
2026-08-13 20:57:04,088 onnxruntime.quantization.matmul_nbits_quantizer [INFO] - skip to quantize /f5_transformer/transformer_blocks.5/ff/ff/ff.0/ff.0.0/Add ...
2026-08-13 20:57:04,088 onnxruntime.quantization.matmul_nbits_quantizer [INFO] - skip to quantize /f5_transformer/transformer_blocks.5/ff/ff/ff.0/ff.0.1/Gelu ...
2026-08-13 20:57:04,088 onnxruntime.quantization.matmul_nbits_quantizer [INFO] - start to quantize /f5_transformer/transformer_blocks.5/ff/ff/ff.2/MatMul ...
2026-08-13 20:57:04,090 onnxruntime.quantization.matmul_nbits_quantizer [INFO] - complete quantization of /f5_transformer/transformer_blocks.5/ff/ff/ff.2/MatMul with 4 bits ...
2026-08-13 20:57:04,090 onnxruntime.quantization.matmul_nbits_quantizer [INFO] - skip to quantize /f5_transformer/transformer_blocks.5/ff/ff/ff.2/Add ...
2026-08-13 20:57:04,090 onnxruntime.quantization.matmul_nbits_quantizer [INFO] - skip to quantize /f5_transformer/transformer_blocks.5/Mul_2 ...
2026-08-13 20:57:04,090 onnxruntime.quantization.matmul_nbits_quantizer [INFO] - skip to quantize /f5_transformer/transformer_blocks.5/Add_3 ...
2026-08-13 20:57:04,090 onnxruntime.quantization.matmul_nbits_quantizer [INFO] - skip to quantize /f5_transformer/transformer_blocks.6/attn_norm/Split ...
2026-08-13 20:57:04,090 onnxruntime.quantization.matmul_nbits_quantizer [INFO] - skip to quantize /f5_transformer/transformer_blocks.6/attn_norm/norm/LayerNormalization ...
2026-08-13 20:57:04,090 onnxruntime.quantization.matmul_nbits_quantizer [INFO] - skip to quantize /f5_transformer/transformer_blocks.6/attn_norm/Add ...
2026-08-13 20:57:04,090 onnxruntime.quantization.matmul_nbits_quantizer [INFO] - skip to quantize /f5_transformer/transformer_blocks.6/attn_norm/Mul ...
2026-08-13 20:57:04,090 onnxruntime.quantization.matmul_nbits_quantizer [INFO] - skip to quantize /f5_transformer/transformer_blocks.6/attn_norm/Add_1 ...
2026-08-13 20:57:04,090 onnxruntime.quantization.matmul_nbits_quantizer [INFO] - start to quantize /f5_transformer/transformer_blocks.6/attn/to_qkv/MatMul ...
2026-08-13 20:57:04,094 onnxruntime.quantization.matmul_nbits_quantizer [INFO] - complete quantization of /f5_transformer/transformer_blocks.6/attn/to_qkv/MatMul with 4 bits ...
2026-08-13 20:57:04,094 onnxruntime.quantization.matmul_nbits_quantizer [INFO] - skip to quantize /f5_transformer/transformer_blocks.6/attn/to_qkv/Add ...
2026-08-13 20:57:04,094 onnxruntime.quantization.matmul_nbits_quantizer [INFO] - skip to quantize /f5_transformer/transformer_blocks.6/attn/Reshape ...
2026-08-13 20:57:04,094 onnxruntime.quantization.matmul_nbits_quantizer [INFO] - skip to quantize /f5_transformer/transformer_blocks.6/attn/Transpose ...
2026-08-13 20:57:04,094 onnxruntime.quantization.matmul_nbits_quantizer [INFO] - skip to quantize /f5_transformer/transformer_blocks.6/attn/Split ...
2026-08-13 20:57:04,094 onnxruntime.quantization.matmul_nbits_quantizer [INFO] - skip to quantize /f5_transformer/transformer_blocks.6/attn/Split_1 ...
2026-08-13 20:57:04,094 onnxruntime.quantization.matmul_nbits_quantizer [INFO] - skip to quantize /f5_transformer/transformer_blocks.6/attn/Slice ...
2026-08-13 20:57:04,094 onnxruntime.quantization.matmul_nbits_quantizer [INFO] - skip to quantize /f5_transformer/transformer_blocks.6/attn/Mul ...
2026-08-13 20:57:04,094 onnxruntime.quantization.matmul_nbits_quantizer [INFO] - skip to quantize /f5_transformer/transformer_blocks.6/attn/Gather ...
2026-08-13 20:57:04,094 onnxruntime.quantization.matmul_nbits_quantizer [INFO] - skip to quantize /f5_transformer/transformer_blocks.6/attn/Mul_1 ...
2026-08-13 20:57:04,094 onnxruntime.quantization.matmul_nbits_quantizer [INFO] - skip to quantize /f5_transformer/transformer_blocks.6/attn/Add ...
2026-08-13 20:57:04,094 onnxruntime.quantization.matmul_nbits_quantizer [INFO] - skip to quantize /f5_transformer/transformer_blocks.6/attn/Slice_1 ...
2026-08-13 20:57:04,094 onnxruntime.quantization.matmul_nbits_quantizer [INFO] - skip to quantize /f5_transformer/transformer_blocks.6/attn/Concat ...
2026-08-13 20:57:04,094 onnxruntime.quantization.matmul_nbits_quantizer [INFO] - skip to quantize /f5_transformer/transformer_blocks.6/attn/Slice_2 ...
2026-08-13 20:57:04,094 onnxruntime.quantization.matmul_nbits_quantizer [INFO] - skip to quantize /f5_transformer/transformer_blocks.6/attn/Mul_2 ...
2026-08-13 20:57:04,094 onnxruntime.quantization.matmul_nbits_quantizer [INFO] - skip to quantize /f5_transformer/transformer_blocks.6/attn/Gather_1 ...
2026-08-13 20:57:04,094 onnxruntime.quantization.matmul_nbits_quantizer [INFO] - skip to quantize /f5_transformer/transformer_blocks.6/attn/Mul_3 ...
2026-08-13 20:57:04,094 onnxruntime.quantization.matmul_nbits_quantizer [INFO] - skip to quantize /f5_transformer/transformer_blocks.6/attn/Add_1 ...
2026-08-13 20:57:04,094 onnxruntime.quantization.matmul_nbits_quantizer [INFO] - skip to quantize /f5_transformer/transformer_blocks.6/attn/Slice_3 ...
2026-08-13 20:57:04,094 onnxruntime.quantization.matmul_nbits_quantizer [INFO] - skip to quantize /f5_transformer/transformer_blocks.6/attn/Concat_1 ...
2026-08-13 20:57:04,094 onnxruntime.quantization.matmul_nbits_quantizer [INFO] - skip to quantize /f5_transformer/transformer_blocks.6/attn/Transpose_1 ...
2026-08-13 20:57:04,094 onnxruntime.quantization.matmul_nbits_quantizer [INFO] - start to quantize /f5_transformer/transformer_blocks.6/attn/MatMul ...
2026-08-13 20:57:04,094 onnxruntime.quantization.matmul_nbits_quantizer [INFO] - MatMul doesn't have const weight. Skip to quantize
2026-08-13 20:57:04,094 onnxruntime.quantization.matmul_nbits_quantizer [INFO] - complete quantization of /f5_transformer/transformer_blocks.6/attn/MatMul with 4 bits ...
2026-08-13 20:57:04,094 onnxruntime.quantization.matmul_nbits_quantizer [INFO] - skip to quantize /f5_transformer/transformer_blocks.6/attn/Softmax ...
2026-08-13 20:57:04,094 onnxruntime.quantization.matmul_nbits_quantizer [INFO] - start to quantize /f5_transformer/transformer_blocks.6/attn/MatMul_1 ...
2026-08-13 20:57:04,094 onnxruntime.quantization.matmul_nbits_quantizer [INFO] - MatMul doesn't have const weight. Skip to quantize
2026-08-13 20:57:04,095 onnxruntime.quantization.matmul_nbits_quantizer [INFO] - complete quantization of /f5_transformer/transformer_blocks.6/attn/MatMul_1 with 4 bits ...
2026-08-13 20:57:04,095 onnxruntime.quantization.matmul_nbits_quantizer [INFO] - skip to quantize /f5_transformer/transformer_blocks.6/attn/Transpose_2 ...
2026-08-13 20:57:04,095 onnxruntime.quantization.matmul_nbits_quantizer [INFO] - skip to quantize /f5_transformer/transformer_blocks.6/attn/Reshape_1 ...
2026-08-13 20:57:04,095 onnxruntime.quantization.matmul_nbits_quantizer [INFO] - start to quantize /f5_transformer/transformer_blocks.6/attn/to_out.0/MatMul ...
2026-08-13 20:57:04,096 onnxruntime.quantization.matmul_nbits_quantizer [INFO] - complete quantization of /f5_transformer/transformer_blocks.6/attn/to_out.0/MatMul with 4 bits ...
2026-08-13 20:57:04,096 onnxruntime.quantization.matmul_nbits_quantizer [INFO] - skip to quantize /f5_transformer/transformer_blocks.6/attn/to_out.0/Add ...
2026-08-13 20:57:04,096 onnxruntime.quantization.matmul_nbits_quantizer [INFO] - skip to quantize /f5_transformer/transformer_blocks.6/Mul ...
2026-08-13 20:57:04,096 onnxruntime.quantization.matmul_nbits_quantizer [INFO] - skip to quantize /f5_transformer/transformer_blocks.6/Add ...
2026-08-13 20:57:04,096 onnxruntime.quantization.matmul_nbits_quantizer [INFO] - skip to quantize /f5_transformer/transformer_blocks.6/ff_norm/LayerNormalization ...
2026-08-13 20:57:04,096 onnxruntime.quantization.matmul_nbits_quantizer [INFO] - skip to quantize /f5_transformer/transformer_blocks.6/Add_1 ...
2026-08-13 20:57:04,096 onnxruntime.quantization.matmul_nbits_quantizer [INFO] - skip to quantize /f5_transformer/transformer_blocks.6/Mul_1 ...
2026-08-13 20:57:04,096 onnxruntime.quantization.matmul_nbits_quantizer [INFO] - skip to quantize /f5_transformer/transformer_blocks.6/Add_2 ...
2026-08-13 20:57:04,096 onnxruntime.quantization.matmul_nbits_quantizer [INFO] - start to quantize /f5_transformer/transformer_blocks.6/ff/ff/ff.0/ff.0.0/MatMul ...
2026-08-13 20:57:04,098 onnxruntime.quantization.matmul_nbits_quantizer [INFO] - complete quantization of /f5_transformer/transformer_blocks.6/ff/ff/ff.0/ff.0.0/MatMul with 4 bits ...
2026-08-13 20:57:04,098 onnxruntime.quantization.matmul_nbits_quantizer [INFO] - skip to quantize /f5_transformer/transformer_blocks.6/ff/ff/ff.0/ff.0.0/Add ...
2026-08-13 20:57:04,098 onnxruntime.quantization.matmul_nbits_quantizer [INFO] - skip to quantize /f5_transformer/transformer_blocks.6/ff/ff/ff.0/ff.0.1/Gelu ...
2026-08-13 20:57:04,098 onnxruntime.quantization.matmul_nbits_quantizer [INFO] - start to quantize /f5_transformer/transformer_blocks.6/ff/ff/ff.2/MatMul ...
2026-08-13 20:57:04,101 onnxruntime.quantization.matmul_nbits_quantizer [INFO] - complete quantization of /f5_transformer/transformer_blocks.6/ff/ff/ff.2/MatMul with 4 bits ...
2026-08-13 20:57:04,101 onnxruntime.quantization.matmul_nbits_quantizer [INFO] - skip to quantize /f5_transformer/transformer_blocks.6/ff/ff/ff.2/Add ...
2026-08-13 20:57:04,101 onnxruntime.quantization.matmul_nbits_quantizer [INFO] - skip to quantize /f5_transformer/transformer_blocks.6/Mul_2 ...
2026-08-13 20:57:04,101 onnxruntime.quantization.matmul_nbits_quantizer [INFO] - skip to quantize /f5_transformer/transformer_blocks.6/Add_3 ...
2026-08-13 20:57:04,101 onnxruntime.quantization.matmul_nbits_quantizer [INFO] - skip to quantize /f5_transformer/transformer_blocks.7/attn_norm/Split ...
2026-08-13 20:57:04,101 onnxruntime.quantization.matmul_nbits_quantizer [INFO] - skip to quantize /f5_transformer/transformer_blocks.7/attn_norm/norm/LayerNormalization ...
2026-08-13 20:57:04,101 onnxruntime.quantization.matmul_nbits_quantizer [INFO] - skip to quantize /f5_transformer/transformer_blocks.7/attn_norm/Add ...
2026-08-13 20:57:04,101 onnxruntime.quantization.matmul_nbits_quantizer [INFO] - skip to quantize /f5_transformer/transformer_blocks.7/attn_norm/Mul ...
2026-08-13 20:57:04,101 onnxruntime.quantization.matmul_nbits_quantizer [INFO] - skip to quantize /f5_transformer/transformer_blocks.7/attn_norm/Add_1 ...
2026-08-13 20:57:04,101 onnxruntime.quantization.matmul_nbits_quantizer [INFO] - start to quantize /f5_transformer/transformer_blocks.7/attn/to_qkv/MatMul ...
2026-08-13 20:57:04,104 onnxruntime.quantization.matmul_nbits_quantizer [INFO] - complete quantization of /f5_transformer/transformer_blocks.7/attn/to_qkv/MatMul with 4 bits ...
2026-08-13 20:57:04,104 onnxruntime.quantization.matmul_nbits_quantizer [INFO] - skip to quantize /f5_transformer/transformer_blocks.7/attn/to_qkv/Add ...
2026-08-13 20:57:04,104 onnxruntime.quantization.matmul_nbits_quantizer [INFO] - skip to quantize /f5_transformer/transformer_blocks.7/attn/Reshape ...
2026-08-13 20:57:04,104 onnxruntime.quantization.matmul_nbits_quantizer [INFO] - skip to quantize /f5_transformer/transformer_blocks.7/attn/Transpose ...
2026-08-13 20:57:04,104 onnxruntime.quantization.matmul_nbits_quantizer [INFO] - skip to quantize /f5_transformer/transformer_blocks.7/attn/Split ...
2026-08-13 20:57:04,104 onnxruntime.quantization.matmul_nbits_quantizer [INFO] - skip to quantize /f5_transformer/transformer_blocks.7/attn/Split_1 ...
2026-08-13 20:57:04,104 onnxruntime.quantization.matmul_nbits_quantizer [INFO] - skip to quantize /f5_transformer/transformer_blocks.7/attn/Slice ...
2026-08-13 20:57:04,104 onnxruntime.quantization.matmul_nbits_quantizer [INFO] - skip to quantize /f5_transformer/transformer_blocks.7/attn/Mul ...
2026-08-13 20:57:04,104 onnxruntime.quantization.matmul_nbits_quantizer [INFO] - skip to quantize /f5_transformer/transformer_blocks.7/attn/Gather ...
2026-08-13 20:57:04,104 onnxruntime.quantization.matmul_nbits_quantizer [INFO] - skip to quantize /f5_transformer/transformer_blocks.7/attn/Mul_1 ...
2026-08-13 20:57:04,104 onnxruntime.quantization.matmul_nbits_quantizer [INFO] - skip to quantize /f5_transformer/transformer_blocks.7/attn/Add ...
2026-08-13 20:57:04,104 onnxruntime.quantization.matmul_nbits_quantizer [INFO] - skip to quantize /f5_transformer/transformer_blocks.7/attn/Slice_1 ...
2026-08-13 20:57:04,104 onnxruntime.quantization.matmul_nbits_quantizer [INFO] - skip to quantize /f5_transformer/transformer_blocks.7/attn/Concat ...
2026-08-13 20:57:04,104 onnxruntime.quantization.matmul_nbits_quantizer [INFO] - skip to quantize /f5_transformer/transformer_blocks.7/attn/Slice_2 ...
2026-08-13 20:57:04,104 onnxruntime.quantization.matmul_nbits_quantizer [INFO] - skip to quantize /f5_transformer/transformer_blocks.7/attn/Mul_2 ...
2026-08-13 20:57:04,104 onnxruntime.quantization.matmul_nbits_quantizer [INFO] - skip to quantize /f5_transformer/transformer_blocks.7/attn/Gather_1 ...
2026-08-13 20:57:04,104 onnxruntime.quantization.matmul_nbits_quantizer [INFO] - skip to quantize /f5_transformer/transformer_blocks.7/attn/Mul_3 ...
2026-08-13 20:57:04,104 onnxruntime.quantization.matmul_nbits_quantizer [INFO] - skip to quantize /f5_transformer/transformer_blocks.7/attn/Add_1 ...
2026-08-13 20:57:04,104 onnxruntime.quantization.matmul_nbits_quantizer [INFO] - skip to quantize /f5_transformer/transformer_blocks.7/attn/Slice_3 ...
2026-08-13 20:57:04,104 onnxruntime.quantization.matmul_nbits_quantizer [INFO] - skip to quantize /f5_transformer/transformer_blocks.7/attn/Concat_1 ...
2026-08-13 20:57:04,104 onnxruntime.quantization.matmul_nbits_quantizer [INFO] - skip to quantize /f5_transformer/transformer_blocks.7/attn/Transpose_1 ...
2026-08-13 20:57:04,104 onnxruntime.quantization.matmul_nbits_quantizer [INFO] - start to quantize /f5_transformer/transformer_blocks.7/attn/MatMul ...
2026-08-13 20:57:04,105 onnxruntime.quantization.matmul_nbits_quantizer [INFO] - MatMul doesn't have const weight. Skip to quantize
2026-08-13 20:57:04,105 onnxruntime.quantization.matmul_nbits_quantizer [INFO] - complete quantization of /f5_transformer/transformer_blocks.7/attn/MatMul with 4 bits ...
2026-08-13 20:57:04,105 onnxruntime.quantization.matmul_nbits_quantizer [INFO] - skip to quantize /f5_transformer/transformer_blocks.7/attn/Softmax ...
2026-08-13 20:57:04,105 onnxruntime.quantization.matmul_nbits_quantizer [INFO] - start to quantize /f5_transformer/transformer_blocks.7/attn/MatMul_1 ...
2026-08-13 20:57:04,105 onnxruntime.quantization.matmul_nbits_quantizer [INFO] - MatMul doesn't have const weight. Skip to quantize
2026-08-13 20:57:04,105 onnxruntime.quantization.matmul_nbits_quantizer [INFO] - complete quantization of /f5_transformer/transformer_blocks.7/attn/MatMul_1 with 4 bits ...
2026-08-13 20:57:04,105 onnxruntime.quantization.matmul_nbits_quantizer [INFO] - skip to quantize /f5_transformer/transformer_blocks.7/attn/Transpose_2 ...
2026-08-13 20:57:04,105 onnxruntime.quantization.matmul_nbits_quantizer [INFO] - skip to quantize /f5_transformer/transformer_blocks.7/attn/Reshape_1 ...
2026-08-13 20:57:04,105 onnxruntime.quantization.matmul_nbits_quantizer [INFO] - start to quantize /f5_transformer/transformer_blocks.7/attn/to_out.0/MatMul ...
2026-08-13 20:57:04,106 onnxruntime.quantization.matmul_nbits_quantizer [INFO] - complete quantization of /f5_transformer/transformer_blocks.7/attn/to_out.0/MatMul with 4 bits ...
2026-08-13 20:57:04,106 onnxruntime.quantization.matmul_nbits_quantizer [INFO] - skip to quantize /f5_transformer/transformer_blocks.7/attn/to_out.0/Add ...
2026-08-13 20:57:04,106 onnxruntime.quantization.matmul_nbits_quantizer [INFO] - skip to quantize /f5_transformer/transformer_blocks.7/Mul ...
2026-08-13 20:57:04,106 onnxruntime.quantization.matmul_nbits_quantizer [INFO] - skip to quantize /f5_transformer/transformer_blocks.7/Add ...
2026-08-13 20:57:04,106 onnxruntime.quantization.matmul_nbits_quantizer [INFO] - skip to quantize /f5_transformer/transformer_blocks.7/ff_norm/LayerNormalization ...
2026-08-13 20:57:04,106 onnxruntime.quantization.matmul_nbits_quantizer [INFO] - skip to quantize /f5_transformer/transformer_blocks.7/Add_1 ...
2026-08-13 20:57:04,106 onnxruntime.quantization.matmul_nbits_quantizer [INFO] - skip to quantize /f5_transformer/transformer_blocks.7/Mul_1 ...
2026-08-13 20:57:04,106 onnxruntime.quantization.matmul_nbits_quantizer [INFO] - skip to quantize /f5_transformer/transformer_blocks.7/Add_2 ...
2026-08-13 20:57:04,106 onnxruntime.quantization.matmul_nbits_quantizer [INFO] - start to quantize /f5_transformer/transformer_blocks.7/ff/ff/ff.0/ff.0.0/MatMul ...
2026-08-13 20:57:04,109 onnxruntime.quantization.matmul_nbits_quantizer [INFO] - complete quantization of /f5_transformer/transformer_blocks.7/ff/ff/ff.0/ff.0.0/MatMul with 4 bits ...
2026-08-13 20:57:04,109 onnxruntime.quantization.matmul_nbits_quantizer [INFO] - skip to quantize /f5_transformer/transformer_blocks.7/ff/ff/ff.0/ff.0.0/Add ...
2026-08-13 20:57:04,109 onnxruntime.quantization.matmul_nbits_quantizer [INFO] - skip to quantize /f5_transformer/transformer_blocks.7/ff/ff/ff.0/ff.0.1/Gelu ...
2026-08-13 20:57:04,109 onnxruntime.quantization.matmul_nbits_quantizer [INFO] - start to quantize /f5_transformer/transformer_blocks.7/ff/ff/ff.2/MatMul ...
2026-08-13 20:57:04,111 onnxruntime.quantization.matmul_nbits_quantizer [INFO] - complete quantization of /f5_transformer/transformer_blocks.7/ff/ff/ff.2/MatMul with 4 bits ...
2026-08-13 20:57:04,111 onnxruntime.quantization.matmul_nbits_quantizer [INFO] - skip to quantize /f5_transformer/transformer_blocks.7/ff/ff/ff.2/Add ...
2026-08-13 20:57:04,111 onnxruntime.quantization.matmul_nbits_quantizer [INFO] - skip to quantize /f5_transformer/transformer_blocks.7/Mul_2 ...
2026-08-13 20:57:04,111 onnxruntime.quantization.matmul_nbits_quantizer [INFO] - skip to quantize /f5_transformer/transformer_blocks.7/Add_3 ...
2026-08-13 20:57:04,111 onnxruntime.quantization.matmul_nbits_quantizer [INFO] - skip to quantize /f5_transformer/transformer_blocks.8/attn_norm/Split ...
2026-08-13 20:57:04,111 onnxruntime.quantization.matmul_nbits_quantizer [INFO] - skip to quantize /f5_transformer/transformer_blocks.8/attn_norm/norm/LayerNormalization ...
2026-08-13 20:57:04,111 onnxruntime.quantization.matmul_nbits_quantizer [INFO] - skip to quantize /f5_transformer/transformer_blocks.8/attn_norm/Add ...
2026-08-13 20:57:04,111 onnxruntime.quantization.matmul_nbits_quantizer [INFO] - skip to quantize /f5_transformer/transformer_blocks.8/attn_norm/Mul ...
2026-08-13 20:57:04,111 onnxruntime.quantization.matmul_nbits_quantizer [INFO] - skip to quantize /f5_transformer/transformer_blocks.8/attn_norm/Add_1 ...
2026-08-13 20:57:04,111 onnxruntime.quantization.matmul_nbits_quantizer [INFO] - start to quantize /f5_transformer/transformer_blocks.8/attn/to_qkv/MatMul ...
2026-08-13 20:57:04,114 onnxruntime.quantization.matmul_nbits_quantizer [INFO] - complete quantization of /f5_transformer/transformer_blocks.8/attn/to_qkv/MatMul with 4 bits ...
2026-08-13 20:57:04,114 onnxruntime.quantization.matmul_nbits_quantizer [INFO] - skip to quantize /f5_transformer/transformer_blocks.8/attn/to_qkv/Add ...
2026-08-13 20:57:04,114 onnxruntime.quantization.matmul_nbits_quantizer [INFO] - skip to quantize /f5_transformer/transformer_blocks.8/attn/Reshape ...
2026-08-13 20:57:04,114 onnxruntime.quantization.matmul_nbits_quantizer [INFO] - skip to quantize /f5_transformer/transformer_blocks.8/attn/Transpose ...
2026-08-13 20:57:04,114 onnxruntime.quantization.matmul_nbits_quantizer [INFO] - skip to quantize /f5_transformer/transformer_blocks.8/attn/Split ...
2026-08-13 20:57:04,114 onnxruntime.quantization.matmul_nbits_quantizer [INFO] - skip to quantize /f5_transformer/transformer_blocks.8/attn/Split_1 ...
2026-08-13 20:57:04,114 onnxruntime.quantization.matmul_nbits_quantizer [INFO] - skip to quantize /f5_transformer/transformer_blocks.8/attn/Slice ...
2026-08-13 20:57:04,114 onnxruntime.quantization.matmul_nbits_quantizer [INFO] - skip to quantize /f5_transformer/transformer_blocks.8/attn/Mul ...
2026-08-13 20:57:04,114 onnxruntime.quantization.matmul_nbits_quantizer [INFO] - skip to quantize /f5_transformer/transformer_blocks.8/attn/Gather ...
2026-08-13 20:57:04,114 onnxruntime.quantization.matmul_nbits_quantizer [INFO] - skip to quantize /f5_transformer/transformer_blocks.8/attn/Mul_1 ...
2026-08-13 20:57:04,114 onnxruntime.quantization.matmul_nbits_quantizer [INFO] - skip to quantize /f5_transformer/transformer_blocks.8/attn/Add ...
2026-08-13 20:57:04,114 onnxruntime.quantization.matmul_nbits_quantizer [INFO] - skip to quantize /f5_transformer/transformer_blocks.8/attn/Slice_1 ...
2026-08-13 20:57:04,114 onnxruntime.quantization.matmul_nbits_quantizer [INFO] - skip to quantize /f5_transformer/transformer_blocks.8/attn/Concat ...
2026-08-13 20:57:04,114 onnxruntime.quantization.matmul_nbits_quantizer [INFO] - skip to quantize /f5_transformer/transformer_blocks.8/attn/Slice_2 ...
2026-08-13 20:57:04,114 onnxruntime.quantization.matmul_nbits_quantizer [INFO] - skip to quantize /f5_transformer/transformer_blocks.8/attn/Mul_2 ...
2026-08-13 20:57:04,114 onnxruntime.quantization.matmul_nbits_quantizer [INFO] - skip to quantize /f5_transformer/transformer_blocks.8/attn/Gather_1 ...
2026-08-13 20:57:04,114 onnxruntime.quantization.matmul_nbits_quantizer [INFO] - skip to quantize /f5_transformer/transformer_blocks.8/attn/Mul_3 ...
2026-08-13 20:57:04,114 onnxruntime.quantization.matmul_nbits_quantizer [INFO] - skip to quantize /f5_transformer/transformer_blocks.8/attn/Add_1 ...
2026-08-13 20:57:04,114 onnxruntime.quantization.matmul_nbits_quantizer [INFO] - skip to quantize /f5_transformer/transformer_blocks.8/attn/Slice_3 ...
2026-08-13 20:57:04,114 onnxruntime.quantization.matmul_nbits_quantizer [INFO] - skip to quantize /f5_transformer/transformer_blocks.8/attn/Concat_1 ...
2026-08-13 20:57:04,114 onnxruntime.quantization.matmul_nbits_quantizer [INFO] - skip to quantize /f5_transformer/transformer_blocks.8/attn/Transpose_1 ...
2026-08-13 20:57:04,114 onnxruntime.quantization.matmul_nbits_quantizer [INFO] - start to quantize /f5_transformer/transformer_blocks.8/attn/MatMul ...
2026-08-13 20:57:04,114 onnxruntime.quantization.matmul_nbits_quantizer [INFO] - MatMul doesn't have const weight. Skip to quantize
2026-08-13 20:57:04,114 onnxruntime.quantization.matmul_nbits_quantizer [INFO] - complete quantization of /f5_transformer/transformer_blocks.8/attn/MatMul with 4 bits ...
2026-08-13 20:57:04,114 onnxruntime.quantization.matmul_nbits_quantizer [INFO] - skip to quantize /f5_transformer/transformer_blocks.8/attn/Softmax ...
2026-08-13 20:57:04,114 onnxruntime.quantization.matmul_nbits_quantizer [INFO] - start to quantize /f5_transformer/transformer_blocks.8/attn/MatMul_1 ...
2026-08-13 20:57:04,115 onnxruntime.quantization.matmul_nbits_quantizer [INFO] - MatMul doesn't have const weight. Skip to quantize
2026-08-13 20:57:04,115 onnxruntime.quantization.matmul_nbits_quantizer [INFO] - complete quantization of /f5_transformer/transformer_blocks.8/attn/MatMul_1 with 4 bits ...
2026-08-13 20:57:04,115 onnxruntime.quantization.matmul_nbits_quantizer [INFO] - skip to quantize /f5_transformer/transformer_blocks.8/attn/Transpose_2 ...
2026-08-13 20:57:04,115 onnxruntime.quantization.matmul_nbits_quantizer [INFO] - skip to quantize /f5_transformer/transformer_blocks.8/attn/Reshape_1 ...
2026-08-13 20:57:04,115 onnxruntime.quantization.matmul_nbits_quantizer [INFO] - start to quantize /f5_transformer/transformer_blocks.8/attn/to_out.0/MatMul ...
2026-08-13 20:57:04,116 onnxruntime.quantization.matmul_nbits_quantizer [INFO] - complete quantization of /f5_transformer/transformer_blocks.8/attn/to_out.0/MatMul with 4 bits ...
2026-08-13 20:57:04,116 onnxruntime.quantization.matmul_nbits_quantizer [INFO] - skip to quantize /f5_transformer/transformer_blocks.8/attn/to_out.0/Add ...
2026-08-13 20:57:04,116 onnxruntime.quantization.matmul_nbits_quantizer [INFO] - skip to quantize /f5_transformer/transformer_blocks.8/Mul ...
2026-08-13 20:57:04,116 onnxruntime.quantization.matmul_nbits_quantizer [INFO] - skip to quantize /f5_transformer/transformer_blocks.8/Add ...
2026-08-13 20:57:04,116 onnxruntime.quantization.matmul_nbits_quantizer [INFO] - skip to quantize /f5_transformer/transformer_blocks.8/ff_norm/LayerNormalization ...
2026-08-13 20:57:04,116 onnxruntime.quantization.matmul_nbits_quantizer [INFO] - skip to quantize /f5_transformer/transformer_blocks.8/Add_1 ...
2026-08-13 20:57:04,116 onnxruntime.quantization.matmul_nbits_quantizer [INFO] - skip to quantize /f5_transformer/transformer_blocks.8/Mul_1 ...
2026-08-13 20:57:04,116 onnxruntime.quantization.matmul_nbits_quantizer [INFO] - skip to quantize /f5_transformer/transformer_blocks.8/Add_2 ...
2026-08-13 20:57:04,116 onnxruntime.quantization.matmul_nbits_quantizer [INFO] - start to quantize /f5_transformer/transformer_blocks.8/ff/ff/ff.0/ff.0.0/MatMul ...
2026-08-13 20:57:04,118 onnxruntime.quantization.matmul_nbits_quantizer [INFO] - complete quantization of /f5_transformer/transformer_blocks.8/ff/ff/ff.0/ff.0.0/MatMul with 4 bits ...
2026-08-13 20:57:04,118 onnxruntime.quantization.matmul_nbits_quantizer [INFO] - skip to quantize /f5_transformer/transformer_blocks.8/ff/ff/ff.0/ff.0.0/Add ...
2026-08-13 20:57:04,118 onnxruntime.quantization.matmul_nbits_quantizer [INFO] - skip to quantize /f5_transformer/transformer_blocks.8/ff/ff/ff.0/ff.0.1/Gelu ...
2026-08-13 20:57:04,118 onnxruntime.quantization.matmul_nbits_quantizer [INFO] - start to quantize /f5_transformer/transformer_blocks.8/ff/ff/ff.2/MatMul ...
2026-08-13 20:57:04,121 onnxruntime.quantization.matmul_nbits_quantizer [INFO] - complete quantization of /f5_transformer/transformer_blocks.8/ff/ff/ff.2/MatMul with 4 bits ...
2026-08-13 20:57:04,121 onnxruntime.quantization.matmul_nbits_quantizer [INFO] - skip to quantize /f5_transformer/transformer_blocks.8/ff/ff/ff.2/Add ...
2026-08-13 20:57:04,121 onnxruntime.quantization.matmul_nbits_quantizer [INFO] - skip to quantize /f5_transformer/transformer_blocks.8/Mul_2 ...
2026-08-13 20:57:04,121 onnxruntime.quantization.matmul_nbits_quantizer [INFO] - skip to quantize /f5_transformer/transformer_blocks.8/Add_3 ...
2026-08-13 20:57:04,121 onnxruntime.quantization.matmul_nbits_quantizer [INFO] - skip to quantize /f5_transformer/transformer_blocks.9/attn_norm/Split ...
2026-08-13 20:57:04,121 onnxruntime.quantization.matmul_nbits_quantizer [INFO] - skip to quantize /f5_transformer/transformer_blocks.9/attn_norm/norm/LayerNormalization ...
2026-08-13 20:57:04,121 onnxruntime.quantization.matmul_nbits_quantizer [INFO] - skip to quantize /f5_transformer/transformer_blocks.9/attn_norm/Add ...
2026-08-13 20:57:04,121 onnxruntime.quantization.matmul_nbits_quantizer [INFO] - skip to quantize /f5_transformer/transformer_blocks.9/attn_norm/Mul ...
2026-08-13 20:57:04,121 onnxruntime.quantization.matmul_nbits_quantizer [INFO] - skip to quantize /f5_transformer/transformer_blocks.9/attn_norm/Add_1 ...
2026-08-13 20:57:04,121 onnxruntime.quantization.matmul_nbits_quantizer [INFO] - start to quantize /f5_transformer/transformer_blocks.9/attn/to_qkv/MatMul ...
2026-08-13 20:57:04,124 onnxruntime.quantization.matmul_nbits_quantizer [INFO] - complete quantization of /f5_transformer/transformer_blocks.9/attn/to_qkv/MatMul with 4 bits ...
2026-08-13 20:57:04,124 onnxruntime.quantization.matmul_nbits_quantizer [INFO] - skip to quantize /f5_transformer/transformer_blocks.9/attn/to_qkv/Add ...
2026-08-13 20:57:04,124 onnxruntime.quantization.matmul_nbits_quantizer [INFO] - skip to quantize /f5_transformer/transformer_blocks.9/attn/Reshape ...
2026-08-13 20:57:04,124 onnxruntime.quantization.matmul_nbits_quantizer [INFO] - skip to quantize /f5_transformer/transformer_blocks.9/attn/Transpose ...
2026-08-13 20:57:04,124 onnxruntime.quantization.matmul_nbits_quantizer [INFO] - skip to quantize /f5_transformer/transformer_blocks.9/attn/Split ...
2026-08-13 20:57:04,124 onnxruntime.quantization.matmul_nbits_quantizer [INFO] - skip to quantize /f5_transformer/transformer_blocks.9/attn/Split_1 ...
2026-08-13 20:57:04,124 onnxruntime.quantization.matmul_nbits_quantizer [INFO] - skip to quantize /f5_transformer/transformer_blocks.9/attn/Slice ...
2026-08-13 20:57:04,124 onnxruntime.quantization.matmul_nbits_quantizer [INFO] - skip to quantize /f5_transformer/transformer_blocks.9/attn/Mul ...
2026-08-13 20:57:04,124 onnxruntime.quantization.matmul_nbits_quantizer [INFO] - skip to quantize /f5_transformer/transformer_blocks.9/attn/Gather ...
2026-08-13 20:57:04,124 onnxruntime.quantization.matmul_nbits_quantizer [INFO] - skip to quantize /f5_transformer/transformer_blocks.9/attn/Mul_1 ...
2026-08-13 20:57:04,124 onnxruntime.quantization.matmul_nbits_quantizer [INFO] - skip to quantize /f5_transformer/transformer_blocks.9/attn/Add ...
2026-08-13 20:57:04,124 onnxruntime.quantization.matmul_nbits_quantizer [INFO] - skip to quantize /f5_transformer/transformer_blocks.9/attn/Slice_1 ...
2026-08-13 20:57:04,124 onnxruntime.quantization.matmul_nbits_quantizer [INFO] - skip to quantize /f5_transformer/transformer_blocks.9/attn/Concat ...
2026-08-13 20:57:04,124 onnxruntime.quantization.matmul_nbits_quantizer [INFO] - skip to quantize /f5_transformer/transformer_blocks.9/attn/Slice_2 ...
2026-08-13 20:57:04,124 onnxruntime.quantization.matmul_nbits_quantizer [INFO] - skip to quantize /f5_transformer/transformer_blocks.9/attn/Mul_2 ...
2026-08-13 20:57:04,124 onnxruntime.quantization.matmul_nbits_quantizer [INFO] - skip to quantize /f5_transformer/transformer_blocks.9/attn/Gather_1 ...
2026-08-13 20:57:04,124 onnxruntime.quantization.matmul_nbits_quantizer [INFO] - skip to quantize /f5_transformer/transformer_blocks.9/attn/Mul_3 ...
2026-08-13 20:57:04,124 onnxruntime.quantization.matmul_nbits_quantizer [INFO] - skip to quantize /f5_transformer/transformer_blocks.9/attn/Add_1 ...
2026-08-13 20:57:04,124 onnxruntime.quantization.matmul_nbits_quantizer [INFO] - skip to quantize /f5_transformer/transformer_blocks.9/attn/Slice_3 ...
2026-08-13 20:57:04,124 onnxruntime.quantization.matmul_nbits_quantizer [INFO] - skip to quantize /f5_transformer/transformer_blocks.9/attn/Concat_1 ...
2026-08-13 20:57:04,124 onnxruntime.quantization.matmul_nbits_quantizer [INFO] - skip to quantize /f5_transformer/transformer_blocks.9/attn/Transpose_1 ...
2026-08-13 20:57:04,124 onnxruntime.quantization.matmul_nbits_quantizer [INFO] - start to quantize /f5_transformer/transformer_blocks.9/attn/MatMul ...
2026-08-13 20:57:04,124 onnxruntime.quantization.matmul_nbits_quantizer [INFO] - MatMul doesn't have const weight. Skip to quantize
2026-08-13 20:57:04,124 onnxruntime.quantization.matmul_nbits_quantizer [INFO] - complete quantization of /f5_transformer/transformer_blocks.9/attn/MatMul with 4 bits ...
2026-08-13 20:57:04,124 onnxruntime.quantization.matmul_nbits_quantizer [INFO] - skip to quantize /f5_transformer/transformer_blocks.9/attn/Softmax ...
2026-08-13 20:57:04,124 onnxruntime.quantization.matmul_nbits_quantizer [INFO] - start to quantize /f5_transformer/transformer_blocks.9/attn/MatMul_1 ...
2026-08-13 20:57:04,124 onnxruntime.quantization.matmul_nbits_quantizer [INFO] - MatMul doesn't have const weight. Skip to quantize
2026-08-13 20:57:04,124 onnxruntime.quantization.matmul_nbits_quantizer [INFO] - complete quantization of /f5_transformer/transformer_blocks.9/attn/MatMul_1 with 4 bits ...
2026-08-13 20:57:04,124 onnxruntime.quantization.matmul_nbits_quantizer [INFO] - skip to quantize /f5_transformer/transformer_blocks.9/attn/Transpose_2 ...
2026-08-13 20:57:04,124 onnxruntime.quantization.matmul_nbits_quantizer [INFO] - skip to quantize /f5_transformer/transformer_blocks.9/attn/Reshape_1 ...
2026-08-13 20:57:04,124 onnxruntime.quantization.matmul_nbits_quantizer [INFO] - start to quantize /f5_transformer/transformer_blocks.9/attn/to_out.0/MatMul ...
2026-08-13 20:57:04,126 onnxruntime.quantization.matmul_nbits_quantizer [INFO] - complete quantization of /f5_transformer/transformer_blocks.9/attn/to_out.0/MatMul with 4 bits ...
2026-08-13 20:57:04,126 onnxruntime.quantization.matmul_nbits_quantizer [INFO] - skip to quantize /f5_transformer/transformer_blocks.9/attn/to_out.0/Add ...
2026-08-13 20:57:04,126 onnxruntime.quantization.matmul_nbits_quantizer [INFO] - skip to quantize /f5_transformer/transformer_blocks.9/Mul ...
2026-08-13 20:57:04,126 onnxruntime.quantization.matmul_nbits_quantizer [INFO] - skip to quantize /f5_transformer/transformer_blocks.9/Add ...
2026-08-13 20:57:04,126 onnxruntime.quantization.matmul_nbits_quantizer [INFO] - skip to quantize /f5_transformer/transformer_blocks.9/ff_norm/LayerNormalization ...
2026-08-13 20:57:04,126 onnxruntime.quantization.matmul_nbits_quantizer [INFO] - skip to quantize /f5_transformer/transformer_blocks.9/Add_1 ...
2026-08-13 20:57:04,126 onnxruntime.quantization.matmul_nbits_quantizer [INFO] - skip to quantize /f5_transformer/transformer_blocks.9/Mul_1 ...
2026-08-13 20:57:04,126 onnxruntime.quantization.matmul_nbits_quantizer [INFO] - skip to quantize /f5_transformer/transformer_blocks.9/Add_2 ...
2026-08-13 20:57:04,126 onnxruntime.quantization.matmul_nbits_quantizer [INFO] - start to quantize /f5_transformer/transformer_blocks.9/ff/ff/ff.0/ff.0.0/MatMul ...
2026-08-13 20:57:04,128 onnxruntime.quantization.matmul_nbits_quantizer [INFO] - complete quantization of /f5_transformer/transformer_blocks.9/ff/ff/ff.0/ff.0.0/MatMul with 4 bits ...
2026-08-13 20:57:04,128 onnxruntime.quantization.matmul_nbits_quantizer [INFO] - skip to quantize /f5_transformer/transformer_blocks.9/ff/ff/ff.0/ff.0.0/Add ...
2026-08-13 20:57:04,128 onnxruntime.quantization.matmul_nbits_quantizer [INFO] - skip to quantize /f5_transformer/transformer_blocks.9/ff/ff/ff.0/ff.0.1/Gelu ...
2026-08-13 20:57:04,128 onnxruntime.quantization.matmul_nbits_quantizer [INFO] - start to quantize /f5_transformer/transformer_blocks.9/ff/ff/ff.2/MatMul ...
2026-08-13 20:57:04,130 onnxruntime.quantization.matmul_nbits_quantizer [INFO] - complete quantization of /f5_transformer/transformer_blocks.9/ff/ff/ff.2/MatMul with 4 bits ...
2026-08-13 20:57:04,130 onnxruntime.quantization.matmul_nbits_quantizer [INFO] - skip to quantize /f5_transformer/transformer_blocks.9/ff/ff/ff.2/Add ...
2026-08-13 20:57:04,130 onnxruntime.quantization.matmul_nbits_quantizer [INFO] - skip to quantize /f5_transformer/transformer_blocks.9/Mul_2 ...
2026-08-13 20:57:04,130 onnxruntime.quantization.matmul_nbits_quantizer [INFO] - skip to quantize /f5_transformer/transformer_blocks.9/Add_3 ...
2026-08-13 20:57:04,130 onnxruntime.quantization.matmul_nbits_quantizer [INFO] - skip to quantize /f5_transformer/transformer_blocks.10/attn_norm/Split ...
2026-08-13 20:57:04,130 onnxruntime.quantization.matmul_nbits_quantizer [INFO] - skip to quantize /f5_transformer/transformer_blocks.10/attn_norm/norm/LayerNormalization ...
2026-08-13 20:57:04,130 onnxruntime.quantization.matmul_nbits_quantizer [INFO] - skip to quantize /f5_transformer/transformer_blocks.10/attn_norm/Add ...
2026-08-13 20:57:04,130 onnxruntime.quantization.matmul_nbits_quantizer [INFO] - skip to quantize /f5_transformer/transformer_blocks.10/attn_norm/Mul ...
2026-08-13 20:57:04,131 onnxruntime.quantization.matmul_nbits_quantizer [INFO] - skip to quantize /f5_transformer/transformer_blocks.10/attn_norm/Add_1 ...
2026-08-13 20:57:04,131 onnxruntime.quantization.matmul_nbits_quantizer [INFO] - start to quantize /f5_transformer/transformer_blocks.10/attn/to_qkv/MatMul ...
2026-08-13 20:57:04,134 onnxruntime.quantization.matmul_nbits_quantizer [INFO] - complete quantization of /f5_transformer/transformer_blocks.10/attn/to_qkv/MatMul with 4 bits ...
2026-08-13 20:57:04,134 onnxruntime.quantization.matmul_nbits_quantizer [INFO] - skip to quantize /f5_transformer/transformer_blocks.10/attn/to_qkv/Add ...
2026-08-13 20:57:04,134 onnxruntime.quantization.matmul_nbits_quantizer [INFO] - skip to quantize /f5_transformer/transformer_blocks.10/attn/Reshape ...
2026-08-13 20:57:04,134 onnxruntime.quantization.matmul_nbits_quantizer [INFO] - skip to quantize /f5_transformer/transformer_blocks.10/attn/Transpose ...
2026-08-13 20:57:04,134 onnxruntime.quantization.matmul_nbits_quantizer [INFO] - skip to quantize /f5_transformer/transformer_blocks.10/attn/Split ...
2026-08-13 20:57:04,134 onnxruntime.quantization.matmul_nbits_quantizer [INFO] - skip to quantize /f5_transformer/transformer_blocks.10/attn/Split_1 ...
2026-08-13 20:57:04,134 onnxruntime.quantization.matmul_nbits_quantizer [INFO] - skip to quantize /f5_transformer/transformer_blocks.10/attn/Slice ...
2026-08-13 20:57:04,134 onnxruntime.quantization.matmul_nbits_quantizer [INFO] - skip to quantize /f5_transformer/transformer_blocks.10/attn/Mul ...
2026-08-13 20:57:04,134 onnxruntime.quantization.matmul_nbits_quantizer [INFO] - skip to quantize /f5_transformer/transformer_blocks.10/attn/Gather ...
2026-08-13 20:57:04,134 onnxruntime.quantization.matmul_nbits_quantizer [INFO] - skip to quantize /f5_transformer/transformer_blocks.10/attn/Mul_1 ...
2026-08-13 20:57:04,134 onnxruntime.quantization.matmul_nbits_quantizer [INFO] - skip to quantize /f5_transformer/transformer_blocks.10/attn/Add ...
2026-08-13 20:57:04,134 onnxruntime.quantization.matmul_nbits_quantizer [INFO] - skip to quantize /f5_transformer/transformer_blocks.10/attn/Slice_1 ...
2026-08-13 20:57:04,134 onnxruntime.quantization.matmul_nbits_quantizer [INFO] - skip to quantize /f5_transformer/transformer_blocks.10/attn/Concat ...
2026-08-13 20:57:04,134 onnxruntime.quantization.matmul_nbits_quantizer [INFO] - skip to quantize /f5_transformer/transformer_blocks.10/attn/Slice_2 ...
2026-08-13 20:57:04,134 onnxruntime.quantization.matmul_nbits_quantizer [INFO] - skip to quantize /f5_transformer/transformer_blocks.10/attn/Mul_2 ...
2026-08-13 20:57:04,134 onnxruntime.quantization.matmul_nbits_quantizer [INFO] - skip to quantize /f5_transformer/transformer_blocks.10/attn/Gather_1 ...
2026-08-13 20:57:04,134 onnxruntime.quantization.matmul_nbits_quantizer [INFO] - skip to quantize /f5_transformer/transformer_blocks.10/attn/Mul_3 ...
2026-08-13 20:57:04,134 onnxruntime.quantization.matmul_nbits_quantizer [INFO] - skip to quantize /f5_transformer/transformer_blocks.10/attn/Add_1 ...
2026-08-13 20:57:04,134 onnxruntime.quantization.matmul_nbits_quantizer [INFO] - skip to quantize /f5_transformer/transformer_blocks.10/attn/Slice_3 ...
2026-08-13 20:57:04,134 onnxruntime.quantization.matmul_nbits_quantizer [INFO] - skip to quantize /f5_transformer/transformer_blocks.10/attn/Concat_1 ...
2026-08-13 20:57:04,134 onnxruntime.quantization.matmul_nbits_quantizer [INFO] - skip to quantize /f5_transformer/transformer_blocks.10/attn/Transpose_1 ...
2026-08-13 20:57:04,134 onnxruntime.quantization.matmul_nbits_quantizer [INFO] - start to quantize /f5_transformer/transformer_blocks.10/attn/MatMul ...
2026-08-13 20:57:04,134 onnxruntime.quantization.matmul_nbits_quantizer [INFO] - MatMul doesn't have const weight. Skip to quantize
2026-08-13 20:57:04,134 onnxruntime.quantization.matmul_nbits_quantizer [INFO] - complete quantization of /f5_transformer/transformer_blocks.10/attn/MatMul with 4 bits ...
2026-08-13 20:57:04,134 onnxruntime.quantization.matmul_nbits_quantizer [INFO] - skip to quantize /f5_transformer/transformer_blocks.10/attn/Softmax ...
2026-08-13 20:57:04,134 onnxruntime.quantization.matmul_nbits_quantizer [INFO] - start to quantize /f5_transformer/transformer_blocks.10/attn/MatMul_1 ...
2026-08-13 20:57:04,134 onnxruntime.quantization.matmul_nbits_quantizer [INFO] - MatMul doesn't have const weight. Skip to quantize
2026-08-13 20:57:04,134 onnxruntime.quantization.matmul_nbits_quantizer [INFO] - complete quantization of /f5_transformer/transformer_blocks.10/attn/MatMul_1 with 4 bits ...
2026-08-13 20:57:04,134 onnxruntime.quantization.matmul_nbits_quantizer [INFO] - skip to quantize /f5_transformer/transformer_blocks.10/attn/Transpose_2 ...
2026-08-13 20:57:04,134 onnxruntime.quantization.matmul_nbits_quantizer [INFO] - skip to quantize /f5_transformer/transformer_blocks.10/attn/Reshape_1 ...
2026-08-13 20:57:04,134 onnxruntime.quantization.matmul_nbits_quantizer [INFO] - start to quantize /f5_transformer/transformer_blocks.10/attn/to_out.0/MatMul ...
2026-08-13 20:57:04,135 onnxruntime.quantization.matmul_nbits_quantizer [INFO] - complete quantization of /f5_transformer/transformer_blocks.10/attn/to_out.0/MatMul with 4 bits ...
2026-08-13 20:57:04,135 onnxruntime.quantization.matmul_nbits_quantizer [INFO] - skip to quantize /f5_transformer/transformer_blocks.10/attn/to_out.0/Add ...
2026-08-13 20:57:04,135 onnxruntime.quantization.matmul_nbits_quantizer [INFO] - skip to quantize /f5_transformer/transformer_blocks.10/Mul ...
2026-08-13 20:57:04,135 onnxruntime.quantization.matmul_nbits_quantizer [INFO] - skip to quantize /f5_transformer/transformer_blocks.10/Add ...
2026-08-13 20:57:04,135 onnxruntime.quantization.matmul_nbits_quantizer [INFO] - skip to quantize /f5_transformer/transformer_blocks.10/ff_norm/LayerNormalization ...
2026-08-13 20:57:04,136 onnxruntime.quantization.matmul_nbits_quantizer [INFO] - skip to quantize /f5_transformer/transformer_blocks.10/Add_1 ...
2026-08-13 20:57:04,136 onnxruntime.quantization.matmul_nbits_quantizer [INFO] - skip to quantize /f5_transformer/transformer_blocks.10/Mul_1 ...
2026-08-13 20:57:04,136 onnxruntime.quantization.matmul_nbits_quantizer [INFO] - skip to quantize /f5_transformer/transformer_blocks.10/Add_2 ...
2026-08-13 20:57:04,136 onnxruntime.quantization.matmul_nbits_quantizer [INFO] - start to quantize /f5_transformer/transformer_blocks.10/ff/ff/ff.0/ff.0.0/MatMul ...
2026-08-13 20:57:04,138 onnxruntime.quantization.matmul_nbits_quantizer [INFO] - complete quantization of /f5_transformer/transformer_blocks.10/ff/ff/ff.0/ff.0.0/MatMul with 4 bits ...
2026-08-13 20:57:04,138 onnxruntime.quantization.matmul_nbits_quantizer [INFO] - skip to quantize /f5_transformer/transformer_blocks.10/ff/ff/ff.0/ff.0.0/Add ...
2026-08-13 20:57:04,138 onnxruntime.quantization.matmul_nbits_quantizer [INFO] - skip to quantize /f5_transformer/transformer_blocks.10/ff/ff/ff.0/ff.0.1/Gelu ...
2026-08-13 20:57:04,138 onnxruntime.quantization.matmul_nbits_quantizer [INFO] - start to quantize /f5_transformer/transformer_blocks.10/ff/ff/ff.2/MatMul ...
2026-08-13 20:57:04,140 onnxruntime.quantization.matmul_nbits_quantizer [INFO] - complete quantization of /f5_transformer/transformer_blocks.10/ff/ff/ff.2/MatMul with 4 bits ...
2026-08-13 20:57:04,140 onnxruntime.quantization.matmul_nbits_quantizer [INFO] - skip to quantize /f5_transformer/transformer_blocks.10/ff/ff/ff.2/Add ...
2026-08-13 20:57:04,140 onnxruntime.quantization.matmul_nbits_quantizer [INFO] - skip to quantize /f5_transformer/transformer_blocks.10/Mul_2 ...
2026-08-13 20:57:04,140 onnxruntime.quantization.matmul_nbits_quantizer [INFO] - skip to quantize /f5_transformer/transformer_blocks.10/Add_3 ...
2026-08-13 20:57:04,140 onnxruntime.quantization.matmul_nbits_quantizer [INFO] - skip to quantize /f5_transformer/transformer_blocks.11/attn_norm/Split ...
2026-08-13 20:57:04,140 onnxruntime.quantization.matmul_nbits_quantizer [INFO] - skip to quantize /f5_transformer/transformer_blocks.11/attn_norm/norm/LayerNormalization ...
2026-08-13 20:57:04,140 onnxruntime.quantization.matmul_nbits_quantizer [INFO] - skip to quantize /f5_transformer/transformer_blocks.11/attn_norm/Add ...
2026-08-13 20:57:04,140 onnxruntime.quantization.matmul_nbits_quantizer [INFO] - skip to quantize /f5_transformer/transformer_blocks.11/attn_norm/Mul ...
2026-08-13 20:57:04,140 onnxruntime.quantization.matmul_nbits_quantizer [INFO] - skip to quantize /f5_transformer/transformer_blocks.11/attn_norm/Add_1 ...
2026-08-13 20:57:04,140 onnxruntime.quantization.matmul_nbits_quantizer [INFO] - start to quantize /f5_transformer/transformer_blocks.11/attn/to_qkv/MatMul ...
2026-08-13 20:57:04,143 onnxruntime.quantization.matmul_nbits_quantizer [INFO] - complete quantization of /f5_transformer/transformer_blocks.11/attn/to_qkv/MatMul with 4 bits ...
2026-08-13 20:57:04,143 onnxruntime.quantization.matmul_nbits_quantizer [INFO] - skip to quantize /f5_transformer/transformer_blocks.11/attn/to_qkv/Add ...
2026-08-13 20:57:04,143 onnxruntime.quantization.matmul_nbits_quantizer [INFO] - skip to quantize /f5_transformer/transformer_blocks.11/attn/Reshape ...
2026-08-13 20:57:04,143 onnxruntime.quantization.matmul_nbits_quantizer [INFO] - skip to quantize /f5_transformer/transformer_blocks.11/attn/Transpose ...
2026-08-13 20:57:04,143 onnxruntime.quantization.matmul_nbits_quantizer [INFO] - skip to quantize /f5_transformer/transformer_blocks.11/attn/Split ...
2026-08-13 20:57:04,143 onnxruntime.quantization.matmul_nbits_quantizer [INFO] - skip to quantize /f5_transformer/transformer_blocks.11/attn/Split_1 ...
2026-08-13 20:57:04,143 onnxruntime.quantization.matmul_nbits_quantizer [INFO] - skip to quantize /f5_transformer/transformer_blocks.11/attn/Slice ...
2026-08-13 20:57:04,143 onnxruntime.quantization.matmul_nbits_quantizer [INFO] - skip to quantize /f5_transformer/transformer_blocks.11/attn/Mul ...
2026-08-13 20:57:04,143 onnxruntime.quantization.matmul_nbits_quantizer [INFO] - skip to quantize /f5_transformer/transformer_blocks.11/attn/Gather ...
2026-08-13 20:57:04,143 onnxruntime.quantization.matmul_nbits_quantizer [INFO] - skip to quantize /f5_transformer/transformer_blocks.11/attn/Mul_1 ...
2026-08-13 20:57:04,143 onnxruntime.quantization.matmul_nbits_quantizer [INFO] - skip to quantize /f5_transformer/transformer_blocks.11/attn/Add ...
2026-08-13 20:57:04,143 onnxruntime.quantization.matmul_nbits_quantizer [INFO] - skip to quantize /f5_transformer/transformer_blocks.11/attn/Slice_1 ...
2026-08-13 20:57:04,143 onnxruntime.quantization.matmul_nbits_quantizer [INFO] - skip to quantize /f5_transformer/transformer_blocks.11/attn/Concat ...
2026-08-13 20:57:04,143 onnxruntime.quantization.matmul_nbits_quantizer [INFO] - skip to quantize /f5_transformer/transformer_blocks.11/attn/Slice_2 ...
2026-08-13 20:57:04,143 onnxruntime.quantization.matmul_nbits_quantizer [INFO] - skip to quantize /f5_transformer/transformer_blocks.11/attn/Mul_2 ...
2026-08-13 20:57:04,143 onnxruntime.quantization.matmul_nbits_quantizer [INFO] - skip to quantize /f5_transformer/transformer_blocks.11/attn/Gather_1 ...
2026-08-13 20:57:04,143 onnxruntime.quantization.matmul_nbits_quantizer [INFO] - skip to quantize /f5_transformer/transformer_blocks.11/attn/Mul_3 ...
2026-08-13 20:57:04,143 onnxruntime.quantization.matmul_nbits_quantizer [INFO] - skip to quantize /f5_transformer/transformer_blocks.11/attn/Add_1 ...
2026-08-13 20:57:04,143 onnxruntime.quantization.matmul_nbits_quantizer [INFO] - skip to quantize /f5_transformer/transformer_blocks.11/attn/Slice_3 ...
2026-08-13 20:57:04,143 onnxruntime.quantization.matmul_nbits_quantizer [INFO] - skip to quantize /f5_transformer/transformer_blocks.11/attn/Concat_1 ...
2026-08-13 20:57:04,144 onnxruntime.quantization.matmul_nbits_quantizer [INFO] - skip to quantize /f5_transformer/transformer_blocks.11/attn/Transpose_1 ...
2026-08-13 20:57:04,144 onnxruntime.quantization.matmul_nbits_quantizer [INFO] - start to quantize /f5_transformer/transformer_blocks.11/attn/MatMul ...
2026-08-13 20:57:04,144 onnxruntime.quantization.matmul_nbits_quantizer [INFO] - MatMul doesn't have const weight. Skip to quantize
2026-08-13 20:57:04,144 onnxruntime.quantization.matmul_nbits_quantizer [INFO] - complete quantization of /f5_transformer/transformer_blocks.11/attn/MatMul with 4 bits ...
2026-08-13 20:57:04,144 onnxruntime.quantization.matmul_nbits_quantizer [INFO] - skip to quantize /f5_transformer/transformer_blocks.11/attn/Softmax ...
2026-08-13 20:57:04,144 onnxruntime.quantization.matmul_nbits_quantizer [INFO] - start to quantize /f5_transformer/transformer_blocks.11/attn/MatMul_1 ...
2026-08-13 20:57:04,144 onnxruntime.quantization.matmul_nbits_quantizer [INFO] - MatMul doesn't have const weight. Skip to quantize
2026-08-13 20:57:04,144 onnxruntime.quantization.matmul_nbits_quantizer [INFO] - complete quantization of /f5_transformer/transformer_blocks.11/attn/MatMul_1 with 4 bits ...
2026-08-13 20:57:04,144 onnxruntime.quantization.matmul_nbits_quantizer [INFO] - skip to quantize /f5_transformer/transformer_blocks.11/attn/Transpose_2 ...
2026-08-13 20:57:04,144 onnxruntime.quantization.matmul_nbits_quantizer [INFO] - skip to quantize /f5_transformer/transformer_blocks.11/attn/Reshape_1 ...
2026-08-13 20:57:04,144 onnxruntime.quantization.matmul_nbits_quantizer [INFO] - start to quantize /f5_transformer/transformer_blocks.11/attn/to_out.0/MatMul ...
2026-08-13 20:57:04,145 onnxruntime.quantization.matmul_nbits_quantizer [INFO] - complete quantization of /f5_transformer/transformer_blocks.11/attn/to_out.0/MatMul with 4 bits ...
2026-08-13 20:57:04,145 onnxruntime.quantization.matmul_nbits_quantizer [INFO] - skip to quantize /f5_transformer/transformer_blocks.11/attn/to_out.0/Add ...
2026-08-13 20:57:04,145 onnxruntime.quantization.matmul_nbits_quantizer [INFO] - skip to quantize /f5_transformer/transformer_blocks.11/Mul ...
2026-08-13 20:57:04,145 onnxruntime.quantization.matmul_nbits_quantizer [INFO] - skip to quantize /f5_transformer/transformer_blocks.11/Add ...
2026-08-13 20:57:04,145 onnxruntime.quantization.matmul_nbits_quantizer [INFO] - skip to quantize /f5_transformer/transformer_blocks.11/ff_norm/LayerNormalization ...
2026-08-13 20:57:04,145 onnxruntime.quantization.matmul_nbits_quantizer [INFO] - skip to quantize /f5_transformer/transformer_blocks.11/Add_1 ...
2026-08-13 20:57:04,145 onnxruntime.quantization.matmul_nbits_quantizer [INFO] - skip to quantize /f5_transformer/transformer_blocks.11/Mul_1 ...
2026-08-13 20:57:04,146 onnxruntime.quantization.matmul_nbits_quantizer [INFO] - skip to quantize /f5_transformer/transformer_blocks.11/Add_2 ...
2026-08-13 20:57:04,146 onnxruntime.quantization.matmul_nbits_quantizer [INFO] - start to quantize /f5_transformer/transformer_blocks.11/ff/ff/ff.0/ff.0.0/MatMul ...
2026-08-13 20:57:04,148 onnxruntime.quantization.matmul_nbits_quantizer [INFO] - complete quantization of /f5_transformer/transformer_blocks.11/ff/ff/ff.0/ff.0.0/MatMul with 4 bits ...
2026-08-13 20:57:04,148 onnxruntime.quantization.matmul_nbits_quantizer [INFO] - skip to quantize /f5_transformer/transformer_blocks.11/ff/ff/ff.0/ff.0.0/Add ...
2026-08-13 20:57:04,148 onnxruntime.quantization.matmul_nbits_quantizer [INFO] - skip to quantize /f5_transformer/transformer_blocks.11/ff/ff/ff.0/ff.0.1/Gelu ...
2026-08-13 20:57:04,148 onnxruntime.quantization.matmul_nbits_quantizer [INFO] - start to quantize /f5_transformer/transformer_blocks.11/ff/ff/ff.2/MatMul ...
2026-08-13 20:57:04,150 onnxruntime.quantization.matmul_nbits_quantizer [INFO] - complete quantization of /f5_transformer/transformer_blocks.11/ff/ff/ff.2/MatMul with 4 bits ...
2026-08-13 20:57:04,150 onnxruntime.quantization.matmul_nbits_quantizer [INFO] - skip to quantize /f5_transformer/transformer_blocks.11/ff/ff/ff.2/Add ...
2026-08-13 20:57:04,150 onnxruntime.quantization.matmul_nbits_quantizer [INFO] - skip to quantize /f5_transformer/transformer_blocks.11/Mul_2 ...
2026-08-13 20:57:04,150 onnxruntime.quantization.matmul_nbits_quantizer [INFO] - skip to quantize /f5_transformer/transformer_blocks.11/Add_3 ...
2026-08-13 20:57:04,150 onnxruntime.quantization.matmul_nbits_quantizer [INFO] - skip to quantize /f5_transformer/transformer_blocks.12/attn_norm/Split ...
2026-08-13 20:57:04,150 onnxruntime.quantization.matmul_nbits_quantizer [INFO] - skip to quantize /f5_transformer/transformer_blocks.12/attn_norm/norm/LayerNormalization ...
2026-08-13 20:57:04,150 onnxruntime.quantization.matmul_nbits_quantizer [INFO] - skip to quantize /f5_transformer/transformer_blocks.12/attn_norm/Add ...
2026-08-13 20:57:04,150 onnxruntime.quantization.matmul_nbits_quantizer [INFO] - skip to quantize /f5_transformer/transformer_blocks.12/attn_norm/Mul ...
2026-08-13 20:57:04,150 onnxruntime.quantization.matmul_nbits_quantizer [INFO] - skip to quantize /f5_transformer/transformer_blocks.12/attn_norm/Add_1 ...
2026-08-13 20:57:04,150 onnxruntime.quantization.matmul_nbits_quantizer [INFO] - start to quantize /f5_transformer/transformer_blocks.12/attn/to_qkv/MatMul ...
2026-08-13 20:57:04,153 onnxruntime.quantization.matmul_nbits_quantizer [INFO] - complete quantization of /f5_transformer/transformer_blocks.12/attn/to_qkv/MatMul with 4 bits ...
2026-08-13 20:57:04,153 onnxruntime.quantization.matmul_nbits_quantizer [INFO] - skip to quantize /f5_transformer/transformer_blocks.12/attn/to_qkv/Add ...
2026-08-13 20:57:04,153 onnxruntime.quantization.matmul_nbits_quantizer [INFO] - skip to quantize /f5_transformer/transformer_blocks.12/attn/Reshape ...
2026-08-13 20:57:04,153 onnxruntime.quantization.matmul_nbits_quantizer [INFO] - skip to quantize /f5_transformer/transformer_blocks.12/attn/Transpose ...
2026-08-13 20:57:04,153 onnxruntime.quantization.matmul_nbits_quantizer [INFO] - skip to quantize /f5_transformer/transformer_blocks.12/attn/Split ...
2026-08-13 20:57:04,154 onnxruntime.quantization.matmul_nbits_quantizer [INFO] - skip to quantize /f5_transformer/transformer_blocks.12/attn/Split_1 ...
2026-08-13 20:57:04,154 onnxruntime.quantization.matmul_nbits_quantizer [INFO] - skip to quantize /f5_transformer/transformer_blocks.12/attn/Slice ...
2026-08-13 20:57:04,154 onnxruntime.quantization.matmul_nbits_quantizer [INFO] - skip to quantize /f5_transformer/transformer_blocks.12/attn/Mul ...
2026-08-13 20:57:04,154 onnxruntime.quantization.matmul_nbits_quantizer [INFO] - skip to quantize /f5_transformer/transformer_blocks.12/attn/Gather ...
2026-08-13 20:57:04,154 onnxruntime.quantization.matmul_nbits_quantizer [INFO] - skip to quantize /f5_transformer/transformer_blocks.12/attn/Mul_1 ...
2026-08-13 20:57:04,154 onnxruntime.quantization.matmul_nbits_quantizer [INFO] - skip to quantize /f5_transformer/transformer_blocks.12/attn/Add ...
2026-08-13 20:57:04,154 onnxruntime.quantization.matmul_nbits_quantizer [INFO] - skip to quantize /f5_transformer/transformer_blocks.12/attn/Slice_1 ...
2026-08-13 20:57:04,154 onnxruntime.quantization.matmul_nbits_quantizer [INFO] - skip to quantize /f5_transformer/transformer_blocks.12/attn/Concat ...
2026-08-13 20:57:04,154 onnxruntime.quantization.matmul_nbits_quantizer [INFO] - skip to quantize /f5_transformer/transformer_blocks.12/attn/Slice_2 ...
2026-08-13 20:57:04,154 onnxruntime.quantization.matmul_nbits_quantizer [INFO] - skip to quantize /f5_transformer/transformer_blocks.12/attn/Mul_2 ...
2026-08-13 20:57:04,154 onnxruntime.quantization.matmul_nbits_quantizer [INFO] - skip to quantize /f5_transformer/transformer_blocks.12/attn/Gather_1 ...
2026-08-13 20:57:04,154 onnxruntime.quantization.matmul_nbits_quantizer [INFO] - skip to quantize /f5_transformer/transformer_blocks.12/attn/Mul_3 ...
2026-08-13 20:57:04,154 onnxruntime.quantization.matmul_nbits_quantizer [INFO] - skip to quantize /f5_transformer/transformer_blocks.12/attn/Add_1 ...
2026-08-13 20:57:04,154 onnxruntime.quantization.matmul_nbits_quantizer [INFO] - skip to quantize /f5_transformer/transformer_blocks.12/attn/Slice_3 ...
2026-08-13 20:57:04,154 onnxruntime.quantization.matmul_nbits_quantizer [INFO] - skip to quantize /f5_transformer/transformer_blocks.12/attn/Concat_1 ...
2026-08-13 20:57:04,154 onnxruntime.quantization.matmul_nbits_quantizer [INFO] - skip to quantize /f5_transformer/transformer_blocks.12/attn/Transpose_1 ...
2026-08-13 20:57:04,154 onnxruntime.quantization.matmul_nbits_quantizer [INFO] - start to quantize /f5_transformer/transformer_blocks.12/attn/MatMul ...
2026-08-13 20:57:04,154 onnxruntime.quantization.matmul_nbits_quantizer [INFO] - MatMul doesn't have const weight. Skip to quantize
2026-08-13 20:57:04,154 onnxruntime.quantization.matmul_nbits_quantizer [INFO] - complete quantization of /f5_transformer/transformer_blocks.12/attn/MatMul with 4 bits ...
2026-08-13 20:57:04,154 onnxruntime.quantization.matmul_nbits_quantizer [INFO] - skip to quantize /f5_transformer/transformer_blocks.12/attn/Softmax ...
2026-08-13 20:57:04,154 onnxruntime.quantization.matmul_nbits_quantizer [INFO] - start to quantize /f5_transformer/transformer_blocks.12/attn/MatMul_1 ...
2026-08-13 20:57:04,154 onnxruntime.quantization.matmul_nbits_quantizer [INFO] - MatMul doesn't have const weight. Skip to quantize
2026-08-13 20:57:04,154 onnxruntime.quantization.matmul_nbits_quantizer [INFO] - complete quantization of /f5_transformer/transformer_blocks.12/attn/MatMul_1 with 4 bits ...
2026-08-13 20:57:04,154 onnxruntime.quantization.matmul_nbits_quantizer [INFO] - skip to quantize /f5_transformer/transformer_blocks.12/attn/Transpose_2 ...
2026-08-13 20:57:04,154 onnxruntime.quantization.matmul_nbits_quantizer [INFO] - skip to quantize /f5_transformer/transformer_blocks.12/attn/Reshape_1 ...
2026-08-13 20:57:04,154 onnxruntime.quantization.matmul_nbits_quantizer [INFO] - start to quantize /f5_transformer/transformer_blocks.12/attn/to_out.0/MatMul ...
2026-08-13 20:57:04,156 onnxruntime.quantization.matmul_nbits_quantizer [INFO] - complete quantization of /f5_transformer/transformer_blocks.12/attn/to_out.0/MatMul with 4 bits ...
2026-08-13 20:57:04,156 onnxruntime.quantization.matmul_nbits_quantizer [INFO] - skip to quantize /f5_transformer/transformer_blocks.12/attn/to_out.0/Add ...
2026-08-13 20:57:04,156 onnxruntime.quantization.matmul_nbits_quantizer [INFO] - skip to quantize /f5_transformer/transformer_blocks.12/Mul ...
2026-08-13 20:57:04,156 onnxruntime.quantization.matmul_nbits_quantizer [INFO] - skip to quantize /f5_transformer/transformer_blocks.12/Add ...
2026-08-13 20:57:04,156 onnxruntime.quantization.matmul_nbits_quantizer [INFO] - skip to quantize /f5_transformer/transformer_blocks.12/ff_norm/LayerNormalization ...
2026-08-13 20:57:04,156 onnxruntime.quantization.matmul_nbits_quantizer [INFO] - skip to quantize /f5_transformer/transformer_blocks.12/Add_1 ...
2026-08-13 20:57:04,156 onnxruntime.quantization.matmul_nbits_quantizer [INFO] - skip to quantize /f5_transformer/transformer_blocks.12/Mul_1 ...
2026-08-13 20:57:04,156 onnxruntime.quantization.matmul_nbits_quantizer [INFO] - skip to quantize /f5_transformer/transformer_blocks.12/Add_2 ...
2026-08-13 20:57:04,156 onnxruntime.quantization.matmul_nbits_quantizer [INFO] - start to quantize /f5_transformer/transformer_blocks.12/ff/ff/ff.0/ff.0.0/MatMul ...
2026-08-13 20:57:04,158 onnxruntime.quantization.matmul_nbits_quantizer [INFO] - complete quantization of /f5_transformer/transformer_blocks.12/ff/ff/ff.0/ff.0.0/MatMul with 4 bits ...
2026-08-13 20:57:04,158 onnxruntime.quantization.matmul_nbits_quantizer [INFO] - skip to quantize /f5_transformer/transformer_blocks.12/ff/ff/ff.0/ff.0.0/Add ...
2026-08-13 20:57:04,158 onnxruntime.quantization.matmul_nbits_quantizer [INFO] - skip to quantize /f5_transformer/transformer_blocks.12/ff/ff/ff.0/ff.0.1/Gelu ...
2026-08-13 20:57:04,158 onnxruntime.quantization.matmul_nbits_quantizer [INFO] - start to quantize /f5_transformer/transformer_blocks.12/ff/ff/ff.2/MatMul ...
2026-08-13 20:57:04,160 onnxruntime.quantization.matmul_nbits_quantizer [INFO] - complete quantization of /f5_transformer/transformer_blocks.12/ff/ff/ff.2/MatMul with 4 bits ...
2026-08-13 20:57:04,160 onnxruntime.quantization.matmul_nbits_quantizer [INFO] - skip to quantize /f5_transformer/transformer_blocks.12/ff/ff/ff.2/Add ...
2026-08-13 20:57:04,160 onnxruntime.quantization.matmul_nbits_quantizer [INFO] - skip to quantize /f5_transformer/transformer_blocks.12/Mul_2 ...
2026-08-13 20:57:04,160 onnxruntime.quantization.matmul_nbits_quantizer [INFO] - skip to quantize /f5_transformer/transformer_blocks.12/Add_3 ...
2026-08-13 20:57:04,160 onnxruntime.quantization.matmul_nbits_quantizer [INFO] - skip to quantize /f5_transformer/transformer_blocks.13/attn_norm/Split ...
2026-08-13 20:57:04,160 onnxruntime.quantization.matmul_nbits_quantizer [INFO] - skip to quantize /f5_transformer/transformer_blocks.13/attn_norm/norm/LayerNormalization ...
2026-08-13 20:57:04,161 onnxruntime.quantization.matmul_nbits_quantizer [INFO] - skip to quantize /f5_transformer/transformer_blocks.13/attn_norm/Add ...
2026-08-13 20:57:04,161 onnxruntime.quantization.matmul_nbits_quantizer [INFO] - skip to quantize /f5_transformer/transformer_blocks.13/attn_norm/Mul ...
2026-08-13 20:57:04,161 onnxruntime.quantization.matmul_nbits_quantizer [INFO] - skip to quantize /f5_transformer/transformer_blocks.13/attn_norm/Add_1 ...
2026-08-13 20:57:04,161 onnxruntime.quantization.matmul_nbits_quantizer [INFO] - start to quantize /f5_transformer/transformer_blocks.13/attn/to_qkv/MatMul ...
2026-08-13 20:57:04,164 onnxruntime.quantization.matmul_nbits_quantizer [INFO] - complete quantization of /f5_transformer/transformer_blocks.13/attn/to_qkv/MatMul with 4 bits ...
2026-08-13 20:57:04,164 onnxruntime.quantization.matmul_nbits_quantizer [INFO] - skip to quantize /f5_transformer/transformer_blocks.13/attn/to_qkv/Add ...
2026-08-13 20:57:04,164 onnxruntime.quantization.matmul_nbits_quantizer [INFO] - skip to quantize /f5_transformer/transformer_blocks.13/attn/Reshape ...
2026-08-13 20:57:04,164 onnxruntime.quantization.matmul_nbits_quantizer [INFO] - skip to quantize /f5_transformer/transformer_blocks.13/attn/Transpose ...
2026-08-13 20:57:04,164 onnxruntime.quantization.matmul_nbits_quantizer [INFO] - skip to quantize /f5_transformer/transformer_blocks.13/attn/Split ...
2026-08-13 20:57:04,164 onnxruntime.quantization.matmul_nbits_quantizer [INFO] - skip to quantize /f5_transformer/transformer_blocks.13/attn/Split_1 ...
2026-08-13 20:57:04,164 onnxruntime.quantization.matmul_nbits_quantizer [INFO] - skip to quantize /f5_transformer/transformer_blocks.13/attn/Slice ...
2026-08-13 20:57:04,164 onnxruntime.quantization.matmul_nbits_quantizer [INFO] - skip to quantize /f5_transformer/transformer_blocks.13/attn/Mul ...
2026-08-13 20:57:04,164 onnxruntime.quantization.matmul_nbits_quantizer [INFO] - skip to quantize /f5_transformer/transformer_blocks.13/attn/Gather ...
2026-08-13 20:57:04,164 onnxruntime.quantization.matmul_nbits_quantizer [INFO] - skip to quantize /f5_transformer/transformer_blocks.13/attn/Mul_1 ...
2026-08-13 20:57:04,164 onnxruntime.quantization.matmul_nbits_quantizer [INFO] - skip to quantize /f5_transformer/transformer_blocks.13/attn/Add ...
2026-08-13 20:57:04,164 onnxruntime.quantization.matmul_nbits_quantizer [INFO] - skip to quantize /f5_transformer/transformer_blocks.13/attn/Slice_1 ...
2026-08-13 20:57:04,164 onnxruntime.quantization.matmul_nbits_quantizer [INFO] - skip to quantize /f5_transformer/transformer_blocks.13/attn/Concat ...
2026-08-13 20:57:04,164 onnxruntime.quantization.matmul_nbits_quantizer [INFO] - skip to quantize /f5_transformer/transformer_blocks.13/attn/Slice_2 ...
2026-08-13 20:57:04,164 onnxruntime.quantization.matmul_nbits_quantizer [INFO] - skip to quantize /f5_transformer/transformer_blocks.13/attn/Mul_2 ...
2026-08-13 20:57:04,164 onnxruntime.quantization.matmul_nbits_quantizer [INFO] - skip to quantize /f5_transformer/transformer_blocks.13/attn/Gather_1 ...
2026-08-13 20:57:04,164 onnxruntime.quantization.matmul_nbits_quantizer [INFO] - skip to quantize /f5_transformer/transformer_blocks.13/attn/Mul_3 ...
2026-08-13 20:57:04,164 onnxruntime.quantization.matmul_nbits_quantizer [INFO] - skip to quantize /f5_transformer/transformer_blocks.13/attn/Add_1 ...
2026-08-13 20:57:04,164 onnxruntime.quantization.matmul_nbits_quantizer [INFO] - skip to quantize /f5_transformer/transformer_blocks.13/attn/Slice_3 ...
2026-08-13 20:57:04,164 onnxruntime.quantization.matmul_nbits_quantizer [INFO] - skip to quantize /f5_transformer/transformer_blocks.13/attn/Concat_1 ...
2026-08-13 20:57:04,164 onnxruntime.quantization.matmul_nbits_quantizer [INFO] - skip to quantize /f5_transformer/transformer_blocks.13/attn/Transpose_1 ...
2026-08-13 20:57:04,164 onnxruntime.quantization.matmul_nbits_quantizer [INFO] - start to quantize /f5_transformer/transformer_blocks.13/attn/MatMul ...
2026-08-13 20:57:04,164 onnxruntime.quantization.matmul_nbits_quantizer [INFO] - MatMul doesn't have const weight. Skip to quantize
2026-08-13 20:57:04,164 onnxruntime.quantization.matmul_nbits_quantizer [INFO] - complete quantization of /f5_transformer/transformer_blocks.13/attn/MatMul with 4 bits ...
2026-08-13 20:57:04,164 onnxruntime.quantization.matmul_nbits_quantizer [INFO] - skip to quantize /f5_transformer/transformer_blocks.13/attn/Softmax ...
2026-08-13 20:57:04,164 onnxruntime.quantization.matmul_nbits_quantizer [INFO] - start to quantize /f5_transformer/transformer_blocks.13/attn/MatMul_1 ...
2026-08-13 20:57:04,164 onnxruntime.quantization.matmul_nbits_quantizer [INFO] - MatMul doesn't have const weight. Skip to quantize
2026-08-13 20:57:04,164 onnxruntime.quantization.matmul_nbits_quantizer [INFO] - complete quantization of /f5_transformer/transformer_blocks.13/attn/MatMul_1 with 4 bits ...
2026-08-13 20:57:04,164 onnxruntime.quantization.matmul_nbits_quantizer [INFO] - skip to quantize /f5_transformer/transformer_blocks.13/attn/Transpose_2 ...
2026-08-13 20:57:04,164 onnxruntime.quantization.matmul_nbits_quantizer [INFO] - skip to quantize /f5_transformer/transformer_blocks.13/attn/Reshape_1 ...
2026-08-13 20:57:04,164 onnxruntime.quantization.matmul_nbits_quantizer [INFO] - start to quantize /f5_transformer/transformer_blocks.13/attn/to_out.0/MatMul ...
2026-08-13 20:57:04,166 onnxruntime.quantization.matmul_nbits_quantizer [INFO] - complete quantization of /f5_transformer/transformer_blocks.13/attn/to_out.0/MatMul with 4 bits ...
2026-08-13 20:57:04,166 onnxruntime.quantization.matmul_nbits_quantizer [INFO] - skip to quantize /f5_transformer/transformer_blocks.13/attn/to_out.0/Add ...
2026-08-13 20:57:04,166 onnxruntime.quantization.matmul_nbits_quantizer [INFO] - skip to quantize /f5_transformer/transformer_blocks.13/Mul ...
2026-08-13 20:57:04,166 onnxruntime.quantization.matmul_nbits_quantizer [INFO] - skip to quantize /f5_transformer/transformer_blocks.13/Add ...
2026-08-13 20:57:04,166 onnxruntime.quantization.matmul_nbits_quantizer [INFO] - skip to quantize /f5_transformer/transformer_blocks.13/ff_norm/LayerNormalization ...
2026-08-13 20:57:04,166 onnxruntime.quantization.matmul_nbits_quantizer [INFO] - skip to quantize /f5_transformer/transformer_blocks.13/Add_1 ...
2026-08-13 20:57:04,166 onnxruntime.quantization.matmul_nbits_quantizer [INFO] - skip to quantize /f5_transformer/transformer_blocks.13/Mul_1 ...
2026-08-13 20:57:04,166 onnxruntime.quantization.matmul_nbits_quantizer [INFO] - skip to quantize /f5_transformer/transformer_blocks.13/Add_2 ...
2026-08-13 20:57:04,166 onnxruntime.quantization.matmul_nbits_quantizer [INFO] - start to quantize /f5_transformer/transformer_blocks.13/ff/ff/ff.0/ff.0.0/MatMul ...
2026-08-13 20:57:04,168 onnxruntime.quantization.matmul_nbits_quantizer [INFO] - complete quantization of /f5_transformer/transformer_blocks.13/ff/ff/ff.0/ff.0.0/MatMul with 4 bits ...
2026-08-13 20:57:04,168 onnxruntime.quantization.matmul_nbits_quantizer [INFO] - skip to quantize /f5_transformer/transformer_blocks.13/ff/ff/ff.0/ff.0.0/Add ...
2026-08-13 20:57:04,168 onnxruntime.quantization.matmul_nbits_quantizer [INFO] - skip to quantize /f5_transformer/transformer_blocks.13/ff/ff/ff.0/ff.0.1/Gelu ...
2026-08-13 20:57:04,168 onnxruntime.quantization.matmul_nbits_quantizer [INFO] - start to quantize /f5_transformer/transformer_blocks.13/ff/ff/ff.2/MatMul ...
2026-08-13 20:57:04,171 onnxruntime.quantization.matmul_nbits_quantizer [INFO] - complete quantization of /f5_transformer/transformer_blocks.13/ff/ff/ff.2/MatMul with 4 bits ...
2026-08-13 20:57:04,171 onnxruntime.quantization.matmul_nbits_quantizer [INFO] - skip to quantize /f5_transformer/transformer_blocks.13/ff/ff/ff.2/Add ...
2026-08-13 20:57:04,171 onnxruntime.quantization.matmul_nbits_quantizer [INFO] - skip to quantize /f5_transformer/transformer_blocks.13/Mul_2 ...
2026-08-13 20:57:04,171 onnxruntime.quantization.matmul_nbits_quantizer [INFO] - skip to quantize /f5_transformer/transformer_blocks.13/Add_3 ...
2026-08-13 20:57:04,171 onnxruntime.quantization.matmul_nbits_quantizer [INFO] - skip to quantize /f5_transformer/transformer_blocks.14/attn_norm/Split ...
2026-08-13 20:57:04,171 onnxruntime.quantization.matmul_nbits_quantizer [INFO] - skip to quantize /f5_transformer/transformer_blocks.14/attn_norm/norm/LayerNormalization ...
2026-08-13 20:57:04,171 onnxruntime.quantization.matmul_nbits_quantizer [INFO] - skip to quantize /f5_transformer/transformer_blocks.14/attn_norm/Add ...
2026-08-13 20:57:04,171 onnxruntime.quantization.matmul_nbits_quantizer [INFO] - skip to quantize /f5_transformer/transformer_blocks.14/attn_norm/Mul ...
2026-08-13 20:57:04,171 onnxruntime.quantization.matmul_nbits_quantizer [INFO] - skip to quantize /f5_transformer/transformer_blocks.14/attn_norm/Add_1 ...
2026-08-13 20:57:04,171 onnxruntime.quantization.matmul_nbits_quantizer [INFO] - start to quantize /f5_transformer/transformer_blocks.14/attn/to_qkv/MatMul ...
2026-08-13 20:57:04,174 onnxruntime.quantization.matmul_nbits_quantizer [INFO] - complete quantization of /f5_transformer/transformer_blocks.14/attn/to_qkv/MatMul with 4 bits ...
2026-08-13 20:57:04,174 onnxruntime.quantization.matmul_nbits_quantizer [INFO] - skip to quantize /f5_transformer/transformer_blocks.14/attn/to_qkv/Add ...
2026-08-13 20:57:04,174 onnxruntime.quantization.matmul_nbits_quantizer [INFO] - skip to quantize /f5_transformer/transformer_blocks.14/attn/Reshape ...
2026-08-13 20:57:04,174 onnxruntime.quantization.matmul_nbits_quantizer [INFO] - skip to quantize /f5_transformer/transformer_blocks.14/attn/Transpose ...
2026-08-13 20:57:04,174 onnxruntime.quantization.matmul_nbits_quantizer [INFO] - skip to quantize /f5_transformer/transformer_blocks.14/attn/Split ...
2026-08-13 20:57:04,174 onnxruntime.quantization.matmul_nbits_quantizer [INFO] - skip to quantize /f5_transformer/transformer_blocks.14/attn/Split_1 ...
2026-08-13 20:57:04,174 onnxruntime.quantization.matmul_nbits_quantizer [INFO] - skip to quantize /f5_transformer/transformer_blocks.14/attn/Slice ...
2026-08-13 20:57:04,174 onnxruntime.quantization.matmul_nbits_quantizer [INFO] - skip to quantize /f5_transformer/transformer_blocks.14/attn/Mul ...
2026-08-13 20:57:04,174 onnxruntime.quantization.matmul_nbits_quantizer [INFO] - skip to quantize /f5_transformer/transformer_blocks.14/attn/Gather ...
2026-08-13 20:57:04,174 onnxruntime.quantization.matmul_nbits_quantizer [INFO] - skip to quantize /f5_transformer/transformer_blocks.14/attn/Mul_1 ...
2026-08-13 20:57:04,174 onnxruntime.quantization.matmul_nbits_quantizer [INFO] - skip to quantize /f5_transformer/transformer_blocks.14/attn/Add ...
2026-08-13 20:57:04,174 onnxruntime.quantization.matmul_nbits_quantizer [INFO] - skip to quantize /f5_transformer/transformer_blocks.14/attn/Slice_1 ...
2026-08-13 20:57:04,174 onnxruntime.quantization.matmul_nbits_quantizer [INFO] - skip to quantize /f5_transformer/transformer_blocks.14/attn/Concat ...
2026-08-13 20:57:04,174 onnxruntime.quantization.matmul_nbits_quantizer [INFO] - skip to quantize /f5_transformer/transformer_blocks.14/attn/Slice_2 ...
2026-08-13 20:57:04,174 onnxruntime.quantization.matmul_nbits_quantizer [INFO] - skip to quantize /f5_transformer/transformer_blocks.14/attn/Mul_2 ...
2026-08-13 20:57:04,174 onnxruntime.quantization.matmul_nbits_quantizer [INFO] - skip to quantize /f5_transformer/transformer_blocks.14/attn/Gather_1 ...
2026-08-13 20:57:04,174 onnxruntime.quantization.matmul_nbits_quantizer [INFO] - skip to quantize /f5_transformer/transformer_blocks.14/attn/Mul_3 ...
2026-08-13 20:57:04,174 onnxruntime.quantization.matmul_nbits_quantizer [INFO] - skip to quantize /f5_transformer/transformer_blocks.14/attn/Add_1 ...
2026-08-13 20:57:04,174 onnxruntime.quantization.matmul_nbits_quantizer [INFO] - skip to quantize /f5_transformer/transformer_blocks.14/attn/Slice_3 ...
2026-08-13 20:57:04,174 onnxruntime.quantization.matmul_nbits_quantizer [INFO] - skip to quantize /f5_transformer/transformer_blocks.14/attn/Concat_1 ...
2026-08-13 20:57:04,174 onnxruntime.quantization.matmul_nbits_quantizer [INFO] - skip to quantize /f5_transformer/transformer_blocks.14/attn/Transpose_1 ...
2026-08-13 20:57:04,174 onnxruntime.quantization.matmul_nbits_quantizer [INFO] - start to quantize /f5_transformer/transformer_blocks.14/attn/MatMul ...
2026-08-13 20:57:04,174 onnxruntime.quantization.matmul_nbits_quantizer [INFO] - MatMul doesn't have const weight. Skip to quantize
2026-08-13 20:57:04,174 onnxruntime.quantization.matmul_nbits_quantizer [INFO] - complete quantization of /f5_transformer/transformer_blocks.14/attn/MatMul with 4 bits ...
2026-08-13 20:57:04,174 onnxruntime.quantization.matmul_nbits_quantizer [INFO] - skip to quantize /f5_transformer/transformer_blocks.14/attn/Softmax ...
2026-08-13 20:57:04,174 onnxruntime.quantization.matmul_nbits_quantizer [INFO] - start to quantize /f5_transformer/transformer_blocks.14/attn/MatMul_1 ...
2026-08-13 20:57:04,175 onnxruntime.quantization.matmul_nbits_quantizer [INFO] - MatMul doesn't have const weight. Skip to quantize
2026-08-13 20:57:04,175 onnxruntime.quantization.matmul_nbits_quantizer [INFO] - complete quantization of /f5_transformer/transformer_blocks.14/attn/MatMul_1 with 4 bits ...
2026-08-13 20:57:04,175 onnxruntime.quantization.matmul_nbits_quantizer [INFO] - skip to quantize /f5_transformer/transformer_blocks.14/attn/Transpose_2 ...
2026-08-13 20:57:04,175 onnxruntime.quantization.matmul_nbits_quantizer [INFO] - skip to quantize /f5_transformer/transformer_blocks.14/attn/Reshape_1 ...
2026-08-13 20:57:04,175 onnxruntime.quantization.matmul_nbits_quantizer [INFO] - start to quantize /f5_transformer/transformer_blocks.14/attn/to_out.0/MatMul ...
2026-08-13 20:57:04,176 onnxruntime.quantization.matmul_nbits_quantizer [INFO] - complete quantization of /f5_transformer/transformer_blocks.14/attn/to_out.0/MatMul with 4 bits ...
2026-08-13 20:57:04,176 onnxruntime.quantization.matmul_nbits_quantizer [INFO] - skip to quantize /f5_transformer/transformer_blocks.14/attn/to_out.0/Add ...
2026-08-13 20:57:04,176 onnxruntime.quantization.matmul_nbits_quantizer [INFO] - skip to quantize /f5_transformer/transformer_blocks.14/Mul ...
2026-08-13 20:57:04,176 onnxruntime.quantization.matmul_nbits_quantizer [INFO] - skip to quantize /f5_transformer/transformer_blocks.14/Add ...
2026-08-13 20:57:04,176 onnxruntime.quantization.matmul_nbits_quantizer [INFO] - skip to quantize /f5_transformer/transformer_blocks.14/ff_norm/LayerNormalization ...
2026-08-13 20:57:04,176 onnxruntime.quantization.matmul_nbits_quantizer [INFO] - skip to quantize /f5_transformer/transformer_blocks.14/Add_1 ...
2026-08-13 20:57:04,176 onnxruntime.quantization.matmul_nbits_quantizer [INFO] - skip to quantize /f5_transformer/transformer_blocks.14/Mul_1 ...
2026-08-13 20:57:04,176 onnxruntime.quantization.matmul_nbits_quantizer [INFO] - skip to quantize /f5_transformer/transformer_blocks.14/Add_2 ...
2026-08-13 20:57:04,176 onnxruntime.quantization.matmul_nbits_quantizer [INFO] - start to quantize /f5_transformer/transformer_blocks.14/ff/ff/ff.0/ff.0.0/MatMul ...
2026-08-13 20:57:04,178 onnxruntime.quantization.matmul_nbits_quantizer [INFO] - complete quantization of /f5_transformer/transformer_blocks.14/ff/ff/ff.0/ff.0.0/MatMul with 4 bits ...
2026-08-13 20:57:04,178 onnxruntime.quantization.matmul_nbits_quantizer [INFO] - skip to quantize /f5_transformer/transformer_blocks.14/ff/ff/ff.0/ff.0.0/Add ...
2026-08-13 20:57:04,178 onnxruntime.quantization.matmul_nbits_quantizer [INFO] - skip to quantize /f5_transformer/transformer_blocks.14/ff/ff/ff.0/ff.0.1/Gelu ...
2026-08-13 20:57:04,178 onnxruntime.quantization.matmul_nbits_quantizer [INFO] - start to quantize /f5_transformer/transformer_blocks.14/ff/ff/ff.2/MatMul ...
2026-08-13 20:57:04,181 onnxruntime.quantization.matmul_nbits_quantizer [INFO] - complete quantization of /f5_transformer/transformer_blocks.14/ff/ff/ff.2/MatMul with 4 bits ...
2026-08-13 20:57:04,181 onnxruntime.quantization.matmul_nbits_quantizer [INFO] - skip to quantize /f5_transformer/transformer_blocks.14/ff/ff/ff.2/Add ...
2026-08-13 20:57:04,181 onnxruntime.quantization.matmul_nbits_quantizer [INFO] - skip to quantize /f5_transformer/transformer_blocks.14/Mul_2 ...
2026-08-13 20:57:04,181 onnxruntime.quantization.matmul_nbits_quantizer [INFO] - skip to quantize /f5_transformer/transformer_blocks.14/Add_3 ...
2026-08-13 20:57:04,181 onnxruntime.quantization.matmul_nbits_quantizer [INFO] - skip to quantize /f5_transformer/transformer_blocks.15/attn_norm/Split ...
2026-08-13 20:57:04,181 onnxruntime.quantization.matmul_nbits_quantizer [INFO] - skip to quantize /f5_transformer/transformer_blocks.15/attn_norm/norm/LayerNormalization ...
2026-08-13 20:57:04,181 onnxruntime.quantization.matmul_nbits_quantizer [INFO] - skip to quantize /f5_transformer/transformer_blocks.15/attn_norm/Add ...
2026-08-13 20:57:04,181 onnxruntime.quantization.matmul_nbits_quantizer [INFO] - skip to quantize /f5_transformer/transformer_blocks.15/attn_norm/Mul ...
2026-08-13 20:57:04,181 onnxruntime.quantization.matmul_nbits_quantizer [INFO] - skip to quantize /f5_transformer/transformer_blocks.15/attn_norm/Add_1 ...
2026-08-13 20:57:04,181 onnxruntime.quantization.matmul_nbits_quantizer [INFO] - start to quantize /f5_transformer/transformer_blocks.15/attn/to_qkv/MatMul ...
2026-08-13 20:57:04,184 onnxruntime.quantization.matmul_nbits_quantizer [INFO] - complete quantization of /f5_transformer/transformer_blocks.15/attn/to_qkv/MatMul with 4 bits ...
2026-08-13 20:57:04,184 onnxruntime.quantization.matmul_nbits_quantizer [INFO] - skip to quantize /f5_transformer/transformer_blocks.15/attn/to_qkv/Add ...
2026-08-13 20:57:04,184 onnxruntime.quantization.matmul_nbits_quantizer [INFO] - skip to quantize /f5_transformer/transformer_blocks.15/attn/Reshape ...
2026-08-13 20:57:04,184 onnxruntime.quantization.matmul_nbits_quantizer [INFO] - skip to quantize /f5_transformer/transformer_blocks.15/attn/Transpose ...
2026-08-13 20:57:04,184 onnxruntime.quantization.matmul_nbits_quantizer [INFO] - skip to quantize /f5_transformer/transformer_blocks.15/attn/Split ...
2026-08-13 20:57:04,184 onnxruntime.quantization.matmul_nbits_quantizer [INFO] - skip to quantize /f5_transformer/transformer_blocks.15/attn/Split_1 ...
2026-08-13 20:57:04,184 onnxruntime.quantization.matmul_nbits_quantizer [INFO] - skip to quantize /f5_transformer/transformer_blocks.15/attn/Slice ...
2026-08-13 20:57:04,184 onnxruntime.quantization.matmul_nbits_quantizer [INFO] - skip to quantize /f5_transformer/transformer_blocks.15/attn/Mul ...
2026-08-13 20:57:04,184 onnxruntime.quantization.matmul_nbits_quantizer [INFO] - skip to quantize /f5_transformer/transformer_blocks.15/attn/Gather ...
2026-08-13 20:57:04,184 onnxruntime.quantization.matmul_nbits_quantizer [INFO] - skip to quantize /f5_transformer/transformer_blocks.15/attn/Mul_1 ...
2026-08-13 20:57:04,184 onnxruntime.quantization.matmul_nbits_quantizer [INFO] - skip to quantize /f5_transformer/transformer_blocks.15/attn/Add ...
2026-08-13 20:57:04,184 onnxruntime.quantization.matmul_nbits_quantizer [INFO] - skip to quantize /f5_transformer/transformer_blocks.15/attn/Slice_1 ...
2026-08-13 20:57:04,184 onnxruntime.quantization.matmul_nbits_quantizer [INFO] - skip to quantize /f5_transformer/transformer_blocks.15/attn/Concat ...
2026-08-13 20:57:04,184 onnxruntime.quantization.matmul_nbits_quantizer [INFO] - skip to quantize /f5_transformer/transformer_blocks.15/attn/Slice_2 ...
2026-08-13 20:57:04,184 onnxruntime.quantization.matmul_nbits_quantizer [INFO] - skip to quantize /f5_transformer/transformer_blocks.15/attn/Mul_2 ...
2026-08-13 20:57:04,184 onnxruntime.quantization.matmul_nbits_quantizer [INFO] - skip to quantize /f5_transformer/transformer_blocks.15/attn/Gather_1 ...
2026-08-13 20:57:04,184 onnxruntime.quantization.matmul_nbits_quantizer [INFO] - skip to quantize /f5_transformer/transformer_blocks.15/attn/Mul_3 ...
2026-08-13 20:57:04,184 onnxruntime.quantization.matmul_nbits_quantizer [INFO] - skip to quantize /f5_transformer/transformer_blocks.15/attn/Add_1 ...
2026-08-13 20:57:04,184 onnxruntime.quantization.matmul_nbits_quantizer [INFO] - skip to quantize /f5_transformer/transformer_blocks.15/attn/Slice_3 ...
2026-08-13 20:57:04,184 onnxruntime.quantization.matmul_nbits_quantizer [INFO] - skip to quantize /f5_transformer/transformer_blocks.15/attn/Concat_1 ...
2026-08-13 20:57:04,184 onnxruntime.quantization.matmul_nbits_quantizer [INFO] - skip to quantize /f5_transformer/transformer_blocks.15/attn/Transpose_1 ...
2026-08-13 20:57:04,184 onnxruntime.quantization.matmul_nbits_quantizer [INFO] - start to quantize /f5_transformer/transformer_blocks.15/attn/MatMul ...
2026-08-13 20:57:04,185 onnxruntime.quantization.matmul_nbits_quantizer [INFO] - MatMul doesn't have const weight. Skip to quantize
2026-08-13 20:57:04,185 onnxruntime.quantization.matmul_nbits_quantizer [INFO] - complete quantization of /f5_transformer/transformer_blocks.15/attn/MatMul with 4 bits ...
2026-08-13 20:57:04,185 onnxruntime.quantization.matmul_nbits_quantizer [INFO] - skip to quantize /f5_transformer/transformer_blocks.15/attn/Softmax ...
2026-08-13 20:57:04,185 onnxruntime.quantization.matmul_nbits_quantizer [INFO] - start to quantize /f5_transformer/transformer_blocks.15/attn/MatMul_1 ...
2026-08-13 20:57:04,185 onnxruntime.quantization.matmul_nbits_quantizer [INFO] - MatMul doesn't have const weight. Skip to quantize
2026-08-13 20:57:04,185 onnxruntime.quantization.matmul_nbits_quantizer [INFO] - complete quantization of /f5_transformer/transformer_blocks.15/attn/MatMul_1 with 4 bits ...
2026-08-13 20:57:04,185 onnxruntime.quantization.matmul_nbits_quantizer [INFO] - skip to quantize /f5_transformer/transformer_blocks.15/attn/Transpose_2 ...
2026-08-13 20:57:04,185 onnxruntime.quantization.matmul_nbits_quantizer [INFO] - skip to quantize /f5_transformer/transformer_blocks.15/attn/Reshape_1 ...
2026-08-13 20:57:04,185 onnxruntime.quantization.matmul_nbits_quantizer [INFO] - start to quantize /f5_transformer/transformer_blocks.15/attn/to_out.0/MatMul ...
2026-08-13 20:57:04,187 onnxruntime.quantization.matmul_nbits_quantizer [INFO] - complete quantization of /f5_transformer/transformer_blocks.15/attn/to_out.0/MatMul with 4 bits ...
2026-08-13 20:57:04,187 onnxruntime.quantization.matmul_nbits_quantizer [INFO] - skip to quantize /f5_transformer/transformer_blocks.15/attn/to_out.0/Add ...
2026-08-13 20:57:04,187 onnxruntime.quantization.matmul_nbits_quantizer [INFO] - skip to quantize /f5_transformer/transformer_blocks.15/Mul ...
2026-08-13 20:57:04,187 onnxruntime.quantization.matmul_nbits_quantizer [INFO] - skip to quantize /f5_transformer/transformer_blocks.15/Add ...
2026-08-13 20:57:04,187 onnxruntime.quantization.matmul_nbits_quantizer [INFO] - skip to quantize /f5_transformer/transformer_blocks.15/ff_norm/LayerNormalization ...
2026-08-13 20:57:04,187 onnxruntime.quantization.matmul_nbits_quantizer [INFO] - skip to quantize /f5_transformer/transformer_blocks.15/Add_1 ...
2026-08-13 20:57:04,187 onnxruntime.quantization.matmul_nbits_quantizer [INFO] - skip to quantize /f5_transformer/transformer_blocks.15/Mul_1 ...
2026-08-13 20:57:04,187 onnxruntime.quantization.matmul_nbits_quantizer [INFO] - skip to quantize /f5_transformer/transformer_blocks.15/Add_2 ...
2026-08-13 20:57:04,187 onnxruntime.quantization.matmul_nbits_quantizer [INFO] - start to quantize /f5_transformer/transformer_blocks.15/ff/ff/ff.0/ff.0.0/MatMul ...
2026-08-13 20:57:04,190 onnxruntime.quantization.matmul_nbits_quantizer [INFO] - complete quantization of /f5_transformer/transformer_blocks.15/ff/ff/ff.0/ff.0.0/MatMul with 4 bits ...
2026-08-13 20:57:04,190 onnxruntime.quantization.matmul_nbits_quantizer [INFO] - skip to quantize /f5_transformer/transformer_blocks.15/ff/ff/ff.0/ff.0.0/Add ...
2026-08-13 20:57:04,190 onnxruntime.quantization.matmul_nbits_quantizer [INFO] - skip to quantize /f5_transformer/transformer_blocks.15/ff/ff/ff.0/ff.0.1/Gelu ...
2026-08-13 20:57:04,190 onnxruntime.quantization.matmul_nbits_quantizer [INFO] - start to quantize /f5_transformer/transformer_blocks.15/ff/ff/ff.2/MatMul ...
2026-08-13 20:57:04,193 onnxruntime.quantization.matmul_nbits_quantizer [INFO] - complete quantization of /f5_transformer/transformer_blocks.15/ff/ff/ff.2/MatMul with 4 bits ...
2026-08-13 20:57:04,193 onnxruntime.quantization.matmul_nbits_quantizer [INFO] - skip to quantize /f5_transformer/transformer_blocks.15/ff/ff/ff.2/Add ...
2026-08-13 20:57:04,193 onnxruntime.quantization.matmul_nbits_quantizer [INFO] - skip to quantize /f5_transformer/transformer_blocks.15/Mul_2 ...
2026-08-13 20:57:04,193 onnxruntime.quantization.matmul_nbits_quantizer [INFO] - skip to quantize /f5_transformer/transformer_blocks.15/Add_3 ...
2026-08-13 20:57:04,193 onnxruntime.quantization.matmul_nbits_quantizer [INFO] - skip to quantize /f5_transformer/transformer_blocks.16/attn_norm/Split ...
2026-08-13 20:57:04,193 onnxruntime.quantization.matmul_nbits_quantizer [INFO] - skip to quantize /f5_transformer/transformer_blocks.16/attn_norm/norm/LayerNormalization ...
2026-08-13 20:57:04,193 onnxruntime.quantization.matmul_nbits_quantizer [INFO] - skip to quantize /f5_transformer/transformer_blocks.16/attn_norm/Add ...
2026-08-13 20:57:04,193 onnxruntime.quantization.matmul_nbits_quantizer [INFO] - skip to quantize /f5_transformer/transformer_blocks.16/attn_norm/Mul ...
2026-08-13 20:57:04,193 onnxruntime.quantization.matmul_nbits_quantizer [INFO] - skip to quantize /f5_transformer/transformer_blocks.16/attn_norm/Add_1 ...
2026-08-13 20:57:04,193 onnxruntime.quantization.matmul_nbits_quantizer [INFO] - start to quantize /f5_transformer/transformer_blocks.16/attn/to_qkv/MatMul ...
2026-08-13 20:57:04,198 onnxruntime.quantization.matmul_nbits_quantizer [INFO] - complete quantization of /f5_transformer/transformer_blocks.16/attn/to_qkv/MatMul with 4 bits ...
2026-08-13 20:57:04,198 onnxruntime.quantization.matmul_nbits_quantizer [INFO] - skip to quantize /f5_transformer/transformer_blocks.16/attn/to_qkv/Add ...
2026-08-13 20:57:04,198 onnxruntime.quantization.matmul_nbits_quantizer [INFO] - skip to quantize /f5_transformer/transformer_blocks.16/attn/Reshape ...
2026-08-13 20:57:04,198 onnxruntime.quantization.matmul_nbits_quantizer [INFO] - skip to quantize /f5_transformer/transformer_blocks.16/attn/Transpose ...
2026-08-13 20:57:04,198 onnxruntime.quantization.matmul_nbits_quantizer [INFO] - skip to quantize /f5_transformer/transformer_blocks.16/attn/Split ...
2026-08-13 20:57:04,198 onnxruntime.quantization.matmul_nbits_quantizer [INFO] - skip to quantize /f5_transformer/transformer_blocks.16/attn/Split_1 ...
2026-08-13 20:57:04,198 onnxruntime.quantization.matmul_nbits_quantizer [INFO] - skip to quantize /f5_transformer/transformer_blocks.16/attn/Slice ...
2026-08-13 20:57:04,198 onnxruntime.quantization.matmul_nbits_quantizer [INFO] - skip to quantize /f5_transformer/transformer_blocks.16/attn/Mul ...
2026-08-13 20:57:04,198 onnxruntime.quantization.matmul_nbits_quantizer [INFO] - skip to quantize /f5_transformer/transformer_blocks.16/attn/Gather ...
2026-08-13 20:57:04,198 onnxruntime.quantization.matmul_nbits_quantizer [INFO] - skip to quantize /f5_transformer/transformer_blocks.16/attn/Mul_1 ...
2026-08-13 20:57:04,198 onnxruntime.quantization.matmul_nbits_quantizer [INFO] - skip to quantize /f5_transformer/transformer_blocks.16/attn/Add ...
2026-08-13 20:57:04,198 onnxruntime.quantization.matmul_nbits_quantizer [INFO] - skip to quantize /f5_transformer/transformer_blocks.16/attn/Slice_1 ...
2026-08-13 20:57:04,198 onnxruntime.quantization.matmul_nbits_quantizer [INFO] - skip to quantize /f5_transformer/transformer_blocks.16/attn/Concat ...
2026-08-13 20:57:04,198 onnxruntime.quantization.matmul_nbits_quantizer [INFO] - skip to quantize /f5_transformer/transformer_blocks.16/attn/Slice_2 ...
2026-08-13 20:57:04,198 onnxruntime.quantization.matmul_nbits_quantizer [INFO] - skip to quantize /f5_transformer/transformer_blocks.16/attn/Mul_2 ...
2026-08-13 20:57:04,198 onnxruntime.quantization.matmul_nbits_quantizer [INFO] - skip to quantize /f5_transformer/transformer_blocks.16/attn/Gather_1 ...
2026-08-13 20:57:04,198 onnxruntime.quantization.matmul_nbits_quantizer [INFO] - skip to quantize /f5_transformer/transformer_blocks.16/attn/Mul_3 ...
2026-08-13 20:57:04,198 onnxruntime.quantization.matmul_nbits_quantizer [INFO] - skip to quantize /f5_transformer/transformer_blocks.16/attn/Add_1 ...
2026-08-13 20:57:04,198 onnxruntime.quantization.matmul_nbits_quantizer [INFO] - skip to quantize /f5_transformer/transformer_blocks.16/attn/Slice_3 ...
2026-08-13 20:57:04,198 onnxruntime.quantization.matmul_nbits_quantizer [INFO] - skip to quantize /f5_transformer/transformer_blocks.16/attn/Concat_1 ...
2026-08-13 20:57:04,198 onnxruntime.quantization.matmul_nbits_quantizer [INFO] - skip to quantize /f5_transformer/transformer_blocks.16/attn/Transpose_1 ...
2026-08-13 20:57:04,198 onnxruntime.quantization.matmul_nbits_quantizer [INFO] - start to quantize /f5_transformer/transformer_blocks.16/attn/MatMul ...
2026-08-13 20:57:04,198 onnxruntime.quantization.matmul_nbits_quantizer [INFO] - MatMul doesn't have const weight. Skip to quantize
2026-08-13 20:57:04,198 onnxruntime.quantization.matmul_nbits_quantizer [INFO] - complete quantization of /f5_transformer/transformer_blocks.16/attn/MatMul with 4 bits ...
2026-08-13 20:57:04,198 onnxruntime.quantization.matmul_nbits_quantizer [INFO] - skip to quantize /f5_transformer/transformer_blocks.16/attn/Softmax ...
2026-08-13 20:57:04,198 onnxruntime.quantization.matmul_nbits_quantizer [INFO] - start to quantize /f5_transformer/transformer_blocks.16/attn/MatMul_1 ...
2026-08-13 20:57:04,198 onnxruntime.quantization.matmul_nbits_quantizer [INFO] - MatMul doesn't have const weight. Skip to quantize
2026-08-13 20:57:04,198 onnxruntime.quantization.matmul_nbits_quantizer [INFO] - complete quantization of /f5_transformer/transformer_blocks.16/attn/MatMul_1 with 4 bits ...
2026-08-13 20:57:04,198 onnxruntime.quantization.matmul_nbits_quantizer [INFO] - skip to quantize /f5_transformer/transformer_blocks.16/attn/Transpose_2 ...
2026-08-13 20:57:04,198 onnxruntime.quantization.matmul_nbits_quantizer [INFO] - skip to quantize /f5_transformer/transformer_blocks.16/attn/Reshape_1 ...
2026-08-13 20:57:04,198 onnxruntime.quantization.matmul_nbits_quantizer [INFO] - start to quantize /f5_transformer/transformer_blocks.16/attn/to_out.0/MatMul ...
2026-08-13 20:57:04,200 onnxruntime.quantization.matmul_nbits_quantizer [INFO] - complete quantization of /f5_transformer/transformer_blocks.16/attn/to_out.0/MatMul with 4 bits ...
2026-08-13 20:57:04,200 onnxruntime.quantization.matmul_nbits_quantizer [INFO] - skip to quantize /f5_transformer/transformer_blocks.16/attn/to_out.0/Add ...
2026-08-13 20:57:04,200 onnxruntime.quantization.matmul_nbits_quantizer [INFO] - skip to quantize /f5_transformer/transformer_blocks.16/Mul ...
2026-08-13 20:57:04,200 onnxruntime.quantization.matmul_nbits_quantizer [INFO] - skip to quantize /f5_transformer/transformer_blocks.16/Add ...
2026-08-13 20:57:04,200 onnxruntime.quantization.matmul_nbits_quantizer [INFO] - skip to quantize /f5_transformer/transformer_blocks.16/ff_norm/LayerNormalization ...
2026-08-13 20:57:04,200 onnxruntime.quantization.matmul_nbits_quantizer [INFO] - skip to quantize /f5_transformer/transformer_blocks.16/Add_1 ...
2026-08-13 20:57:04,200 onnxruntime.quantization.matmul_nbits_quantizer [INFO] - skip to quantize /f5_transformer/transformer_blocks.16/Mul_1 ...
2026-08-13 20:57:04,200 onnxruntime.quantization.matmul_nbits_quantizer [INFO] - skip to quantize /f5_transformer/transformer_blocks.16/Add_2 ...
2026-08-13 20:57:04,200 onnxruntime.quantization.matmul_nbits_quantizer [INFO] - start to quantize /f5_transformer/transformer_blocks.16/ff/ff/ff.0/ff.0.0/MatMul ...
2026-08-13 20:57:04,204 onnxruntime.quantization.matmul_nbits_quantizer [INFO] - complete quantization of /f5_transformer/transformer_blocks.16/ff/ff/ff.0/ff.0.0/MatMul with 4 bits ...
2026-08-13 20:57:04,204 onnxruntime.quantization.matmul_nbits_quantizer [INFO] - skip to quantize /f5_transformer/transformer_blocks.16/ff/ff/ff.0/ff.0.0/Add ...
2026-08-13 20:57:04,204 onnxruntime.quantization.matmul_nbits_quantizer [INFO] - skip to quantize /f5_transformer/transformer_blocks.16/ff/ff/ff.0/ff.0.1/Gelu ...
2026-08-13 20:57:04,204 onnxruntime.quantization.matmul_nbits_quantizer [INFO] - start to quantize /f5_transformer/transformer_blocks.16/ff/ff/ff.2/MatMul ...
2026-08-13 20:57:04,207 onnxruntime.quantization.matmul_nbits_quantizer [INFO] - complete quantization of /f5_transformer/transformer_blocks.16/ff/ff/ff.2/MatMul with 4 bits ...
2026-08-13 20:57:04,207 onnxruntime.quantization.matmul_nbits_quantizer [INFO] - skip to quantize /f5_transformer/transformer_blocks.16/ff/ff/ff.2/Add ...
2026-08-13 20:57:04,207 onnxruntime.quantization.matmul_nbits_quantizer [INFO] - skip to quantize /f5_transformer/transformer_blocks.16/Mul_2 ...
2026-08-13 20:57:04,207 onnxruntime.quantization.matmul_nbits_quantizer [INFO] - skip to quantize /f5_transformer/transformer_blocks.16/Add_3 ...
2026-08-13 20:57:04,207 onnxruntime.quantization.matmul_nbits_quantizer [INFO] - skip to quantize /f5_transformer/transformer_blocks.17/attn_norm/Split ...
2026-08-13 20:57:04,207 onnxruntime.quantization.matmul_nbits_quantizer [INFO] - skip to quantize /f5_transformer/transformer_blocks.17/attn_norm/norm/LayerNormalization ...
2026-08-13 20:57:04,207 onnxruntime.quantization.matmul_nbits_quantizer [INFO] - skip to quantize /f5_transformer/transformer_blocks.17/attn_norm/Add ...
2026-08-13 20:57:04,207 onnxruntime.quantization.matmul_nbits_quantizer [INFO] - skip to quantize /f5_transformer/transformer_blocks.17/attn_norm/Mul ...
2026-08-13 20:57:04,207 onnxruntime.quantization.matmul_nbits_quantizer [INFO] - skip to quantize /f5_transformer/transformer_blocks.17/attn_norm/Add_1 ...
2026-08-13 20:57:04,207 onnxruntime.quantization.matmul_nbits_quantizer [INFO] - start to quantize /f5_transformer/transformer_blocks.17/attn/to_qkv/MatMul ...
2026-08-13 20:57:04,211 onnxruntime.quantization.matmul_nbits_quantizer [INFO] - complete quantization of /f5_transformer/transformer_blocks.17/attn/to_qkv/MatMul with 4 bits ...
2026-08-13 20:57:04,211 onnxruntime.quantization.matmul_nbits_quantizer [INFO] - skip to quantize /f5_transformer/transformer_blocks.17/attn/to_qkv/Add ...
2026-08-13 20:57:04,211 onnxruntime.quantization.matmul_nbits_quantizer [INFO] - skip to quantize /f5_transformer/transformer_blocks.17/attn/Reshape ...
2026-08-13 20:57:04,211 onnxruntime.quantization.matmul_nbits_quantizer [INFO] - skip to quantize /f5_transformer/transformer_blocks.17/attn/Transpose ...
2026-08-13 20:57:04,211 onnxruntime.quantization.matmul_nbits_quantizer [INFO] - skip to quantize /f5_transformer/transformer_blocks.17/attn/Split ...
2026-08-13 20:57:04,211 onnxruntime.quantization.matmul_nbits_quantizer [INFO] - skip to quantize /f5_transformer/transformer_blocks.17/attn/Split_1 ...
2026-08-13 20:57:04,211 onnxruntime.quantization.matmul_nbits_quantizer [INFO] - skip to quantize /f5_transformer/transformer_blocks.17/attn/Slice ...
2026-08-13 20:57:04,212 onnxruntime.quantization.matmul_nbits_quantizer [INFO] - skip to quantize /f5_transformer/transformer_blocks.17/attn/Mul ...
2026-08-13 20:57:04,212 onnxruntime.quantization.matmul_nbits_quantizer [INFO] - skip to quantize /f5_transformer/transformer_blocks.17/attn/Gather ...
2026-08-13 20:57:04,212 onnxruntime.quantization.matmul_nbits_quantizer [INFO] - skip to quantize /f5_transformer/transformer_blocks.17/attn/Mul_1 ...
2026-08-13 20:57:04,212 onnxruntime.quantization.matmul_nbits_quantizer [INFO] - skip to quantize /f5_transformer/transformer_blocks.17/attn/Add ...
2026-08-13 20:57:04,212 onnxruntime.quantization.matmul_nbits_quantizer [INFO] - skip to quantize /f5_transformer/transformer_blocks.17/attn/Slice_1 ...
2026-08-13 20:57:04,212 onnxruntime.quantization.matmul_nbits_quantizer [INFO] - skip to quantize /f5_transformer/transformer_blocks.17/attn/Concat ...
2026-08-13 20:57:04,212 onnxruntime.quantization.matmul_nbits_quantizer [INFO] - skip to quantize /f5_transformer/transformer_blocks.17/attn/Slice_2 ...
2026-08-13 20:57:04,212 onnxruntime.quantization.matmul_nbits_quantizer [INFO] - skip to quantize /f5_transformer/transformer_blocks.17/attn/Mul_2 ...
2026-08-13 20:57:04,212 onnxruntime.quantization.matmul_nbits_quantizer [INFO] - skip to quantize /f5_transformer/transformer_blocks.17/attn/Gather_1 ...
2026-08-13 20:57:04,212 onnxruntime.quantization.matmul_nbits_quantizer [INFO] - skip to quantize /f5_transformer/transformer_blocks.17/attn/Mul_3 ...
2026-08-13 20:57:04,212 onnxruntime.quantization.matmul_nbits_quantizer [INFO] - skip to quantize /f5_transformer/transformer_blocks.17/attn/Add_1 ...
2026-08-13 20:57:04,212 onnxruntime.quantization.matmul_nbits_quantizer [INFO] - skip to quantize /f5_transformer/transformer_blocks.17/attn/Slice_3 ...
2026-08-13 20:57:04,212 onnxruntime.quantization.matmul_nbits_quantizer [INFO] - skip to quantize /f5_transformer/transformer_blocks.17/attn/Concat_1 ...
2026-08-13 20:57:04,212 onnxruntime.quantization.matmul_nbits_quantizer [INFO] - skip to quantize /f5_transformer/transformer_blocks.17/attn/Transpose_1 ...
2026-08-13 20:57:04,212 onnxruntime.quantization.matmul_nbits_quantizer [INFO] - start to quantize /f5_transformer/transformer_blocks.17/attn/MatMul ...
2026-08-13 20:57:04,212 onnxruntime.quantization.matmul_nbits_quantizer [INFO] - MatMul doesn't have const weight. Skip to quantize
2026-08-13 20:57:04,212 onnxruntime.quantization.matmul_nbits_quantizer [INFO] - complete quantization of /f5_transformer/transformer_blocks.17/attn/MatMul with 4 bits ...
2026-08-13 20:57:04,212 onnxruntime.quantization.matmul_nbits_quantizer [INFO] - skip to quantize /f5_transformer/transformer_blocks.17/attn/Softmax ...
2026-08-13 20:57:04,212 onnxruntime.quantization.matmul_nbits_quantizer [INFO] - start to quantize /f5_transformer/transformer_blocks.17/attn/MatMul_1 ...
2026-08-13 20:57:04,212 onnxruntime.quantization.matmul_nbits_quantizer [INFO] - MatMul doesn't have const weight. Skip to quantize
2026-08-13 20:57:04,212 onnxruntime.quantization.matmul_nbits_quantizer [INFO] - complete quantization of /f5_transformer/transformer_blocks.17/attn/MatMul_1 with 4 bits ...
2026-08-13 20:57:04,212 onnxruntime.quantization.matmul_nbits_quantizer [INFO] - skip to quantize /f5_transformer/transformer_blocks.17/attn/Transpose_2 ...
2026-08-13 20:57:04,212 onnxruntime.quantization.matmul_nbits_quantizer [INFO] - skip to quantize /f5_transformer/transformer_blocks.17/attn/Reshape_1 ...
2026-08-13 20:57:04,212 onnxruntime.quantization.matmul_nbits_quantizer [INFO] - start to quantize /f5_transformer/transformer_blocks.17/attn/to_out.0/MatMul ...
2026-08-13 20:57:04,214 onnxruntime.quantization.matmul_nbits_quantizer [INFO] - complete quantization of /f5_transformer/transformer_blocks.17/attn/to_out.0/MatMul with 4 bits ...
2026-08-13 20:57:04,214 onnxruntime.quantization.matmul_nbits_quantizer [INFO] - skip to quantize /f5_transformer/transformer_blocks.17/attn/to_out.0/Add ...
2026-08-13 20:57:04,214 onnxruntime.quantization.matmul_nbits_quantizer [INFO] - skip to quantize /f5_transformer/transformer_blocks.17/Mul ...
2026-08-13 20:57:04,214 onnxruntime.quantization.matmul_nbits_quantizer [INFO] - skip to quantize /f5_transformer/transformer_blocks.17/Add ...
2026-08-13 20:57:04,214 onnxruntime.quantization.matmul_nbits_quantizer [INFO] - skip to quantize /f5_transformer/transformer_blocks.17/ff_norm/LayerNormalization ...
2026-08-13 20:57:04,214 onnxruntime.quantization.matmul_nbits_quantizer [INFO] - skip to quantize /f5_transformer/transformer_blocks.17/Add_1 ...
2026-08-13 20:57:04,214 onnxruntime.quantization.matmul_nbits_quantizer [INFO] - skip to quantize /f5_transformer/transformer_blocks.17/Mul_1 ...
2026-08-13 20:57:04,214 onnxruntime.quantization.matmul_nbits_quantizer [INFO] - skip to quantize /f5_transformer/transformer_blocks.17/Add_2 ...
2026-08-13 20:57:04,214 onnxruntime.quantization.matmul_nbits_quantizer [INFO] - start to quantize /f5_transformer/transformer_blocks.17/ff/ff/ff.0/ff.0.0/MatMul ...
2026-08-13 20:57:04,217 onnxruntime.quantization.matmul_nbits_quantizer [INFO] - complete quantization of /f5_transformer/transformer_blocks.17/ff/ff/ff.0/ff.0.0/MatMul with 4 bits ...
2026-08-13 20:57:04,217 onnxruntime.quantization.matmul_nbits_quantizer [INFO] - skip to quantize /f5_transformer/transformer_blocks.17/ff/ff/ff.0/ff.0.0/Add ...
2026-08-13 20:57:04,217 onnxruntime.quantization.matmul_nbits_quantizer [INFO] - skip to quantize /f5_transformer/transformer_blocks.17/ff/ff/ff.0/ff.0.1/Gelu ...
2026-08-13 20:57:04,217 onnxruntime.quantization.matmul_nbits_quantizer [INFO] - start to quantize /f5_transformer/transformer_blocks.17/ff/ff/ff.2/MatMul ...
2026-08-13 20:57:04,220 onnxruntime.quantization.matmul_nbits_quantizer [INFO] - complete quantization of /f5_transformer/transformer_blocks.17/ff/ff/ff.2/MatMul with 4 bits ...
2026-08-13 20:57:04,220 onnxruntime.quantization.matmul_nbits_quantizer [INFO] - skip to quantize /f5_transformer/transformer_blocks.17/ff/ff/ff.2/Add ...
2026-08-13 20:57:04,220 onnxruntime.quantization.matmul_nbits_quantizer [INFO] - skip to quantize /f5_transformer/transformer_blocks.17/Mul_2 ...
2026-08-13 20:57:04,220 onnxruntime.quantization.matmul_nbits_quantizer [INFO] - skip to quantize /f5_transformer/transformer_blocks.17/Add_3 ...
2026-08-13 20:57:04,220 onnxruntime.quantization.matmul_nbits_quantizer [INFO] - skip to quantize /f5_transformer/transformer_blocks.18/attn_norm/Split ...
2026-08-13 20:57:04,220 onnxruntime.quantization.matmul_nbits_quantizer [INFO] - skip to quantize /f5_transformer/transformer_blocks.18/attn_norm/norm/LayerNormalization ...
2026-08-13 20:57:04,220 onnxruntime.quantization.matmul_nbits_quantizer [INFO] - skip to quantize /f5_transformer/transformer_blocks.18/attn_norm/Add ...
2026-08-13 20:57:04,220 onnxruntime.quantization.matmul_nbits_quantizer [INFO] - skip to quantize /f5_transformer/transformer_blocks.18/attn_norm/Mul ...
2026-08-13 20:57:04,220 onnxruntime.quantization.matmul_nbits_quantizer [INFO] - skip to quantize /f5_transformer/transformer_blocks.18/attn_norm/Add_1 ...
2026-08-13 20:57:04,220 onnxruntime.quantization.matmul_nbits_quantizer [INFO] - start to quantize /f5_transformer/transformer_blocks.18/attn/to_qkv/MatMul ...
2026-08-13 20:57:04,224 onnxruntime.quantization.matmul_nbits_quantizer [INFO] - complete quantization of /f5_transformer/transformer_blocks.18/attn/to_qkv/MatMul with 4 bits ...
2026-08-13 20:57:04,224 onnxruntime.quantization.matmul_nbits_quantizer [INFO] - skip to quantize /f5_transformer/transformer_blocks.18/attn/to_qkv/Add ...
2026-08-13 20:57:04,224 onnxruntime.quantization.matmul_nbits_quantizer [INFO] - skip to quantize /f5_transformer/transformer_blocks.18/attn/Reshape ...
2026-08-13 20:57:04,224 onnxruntime.quantization.matmul_nbits_quantizer [INFO] - skip to quantize /f5_transformer/transformer_blocks.18/attn/Transpose ...
2026-08-13 20:57:04,224 onnxruntime.quantization.matmul_nbits_quantizer [INFO] - skip to quantize /f5_transformer/transformer_blocks.18/attn/Split ...
2026-08-13 20:57:04,224 onnxruntime.quantization.matmul_nbits_quantizer [INFO] - skip to quantize /f5_transformer/transformer_blocks.18/attn/Split_1 ...
2026-08-13 20:57:04,224 onnxruntime.quantization.matmul_nbits_quantizer [INFO] - skip to quantize /f5_transformer/transformer_blocks.18/attn/Slice ...
2026-08-13 20:57:04,224 onnxruntime.quantization.matmul_nbits_quantizer [INFO] - skip to quantize /f5_transformer/transformer_blocks.18/attn/Mul ...
2026-08-13 20:57:04,224 onnxruntime.quantization.matmul_nbits_quantizer [INFO] - skip to quantize /f5_transformer/transformer_blocks.18/attn/Gather ...
2026-08-13 20:57:04,224 onnxruntime.quantization.matmul_nbits_quantizer [INFO] - skip to quantize /f5_transformer/transformer_blocks.18/attn/Mul_1 ...
2026-08-13 20:57:04,224 onnxruntime.quantization.matmul_nbits_quantizer [INFO] - skip to quantize /f5_transformer/transformer_blocks.18/attn/Add ...
2026-08-13 20:57:04,224 onnxruntime.quantization.matmul_nbits_quantizer [INFO] - skip to quantize /f5_transformer/transformer_blocks.18/attn/Slice_1 ...
2026-08-13 20:57:04,225 onnxruntime.quantization.matmul_nbits_quantizer [INFO] - skip to quantize /f5_transformer/transformer_blocks.18/attn/Concat ...
2026-08-13 20:57:04,225 onnxruntime.quantization.matmul_nbits_quantizer [INFO] - skip to quantize /f5_transformer/transformer_blocks.18/attn/Slice_2 ...
2026-08-13 20:57:04,225 onnxruntime.quantization.matmul_nbits_quantizer [INFO] - skip to quantize /f5_transformer/transformer_blocks.18/attn/Mul_2 ...
2026-08-13 20:57:04,225 onnxruntime.quantization.matmul_nbits_quantizer [INFO] - skip to quantize /f5_transformer/transformer_blocks.18/attn/Gather_1 ...
2026-08-13 20:57:04,225 onnxruntime.quantization.matmul_nbits_quantizer [INFO] - skip to quantize /f5_transformer/transformer_blocks.18/attn/Mul_3 ...
2026-08-13 20:57:04,225 onnxruntime.quantization.matmul_nbits_quantizer [INFO] - skip to quantize /f5_transformer/transformer_blocks.18/attn/Add_1 ...
2026-08-13 20:57:04,225 onnxruntime.quantization.matmul_nbits_quantizer [INFO] - skip to quantize /f5_transformer/transformer_blocks.18/attn/Slice_3 ...
2026-08-13 20:57:04,225 onnxruntime.quantization.matmul_nbits_quantizer [INFO] - skip to quantize /f5_transformer/transformer_blocks.18/attn/Concat_1 ...
2026-08-13 20:57:04,225 onnxruntime.quantization.matmul_nbits_quantizer [INFO] - skip to quantize /f5_transformer/transformer_blocks.18/attn/Transpose_1 ...
2026-08-13 20:57:04,225 onnxruntime.quantization.matmul_nbits_quantizer [INFO] - start to quantize /f5_transformer/transformer_blocks.18/attn/MatMul ...
2026-08-13 20:57:04,225 onnxruntime.quantization.matmul_nbits_quantizer [INFO] - MatMul doesn't have const weight. Skip to quantize
2026-08-13 20:57:04,225 onnxruntime.quantization.matmul_nbits_quantizer [INFO] - complete quantization of /f5_transformer/transformer_blocks.18/attn/MatMul with 4 bits ...
2026-08-13 20:57:04,225 onnxruntime.quantization.matmul_nbits_quantizer [INFO] - skip to quantize /f5_transformer/transformer_blocks.18/attn/Softmax ...
2026-08-13 20:57:04,225 onnxruntime.quantization.matmul_nbits_quantizer [INFO] - start to quantize /f5_transformer/transformer_blocks.18/attn/MatMul_1 ...
2026-08-13 20:57:04,225 onnxruntime.quantization.matmul_nbits_quantizer [INFO] - MatMul doesn't have const weight. Skip to quantize
2026-08-13 20:57:04,225 onnxruntime.quantization.matmul_nbits_quantizer [INFO] - complete quantization of /f5_transformer/transformer_blocks.18/attn/MatMul_1 with 4 bits ...
2026-08-13 20:57:04,225 onnxruntime.quantization.matmul_nbits_quantizer [INFO] - skip to quantize /f5_transformer/transformer_blocks.18/attn/Transpose_2 ...
2026-08-13 20:57:04,225 onnxruntime.quantization.matmul_nbits_quantizer [INFO] - skip to quantize /f5_transformer/transformer_blocks.18/attn/Reshape_1 ...
2026-08-13 20:57:04,225 onnxruntime.quantization.matmul_nbits_quantizer [INFO] - start to quantize /f5_transformer/transformer_blocks.18/attn/to_out.0/MatMul ...
2026-08-13 20:57:04,227 onnxruntime.quantization.matmul_nbits_quantizer [INFO] - complete quantization of /f5_transformer/transformer_blocks.18/attn/to_out.0/MatMul with 4 bits ...
2026-08-13 20:57:04,227 onnxruntime.quantization.matmul_nbits_quantizer [INFO] - skip to quantize /f5_transformer/transformer_blocks.18/attn/to_out.0/Add ...
2026-08-13 20:57:04,227 onnxruntime.quantization.matmul_nbits_quantizer [INFO] - skip to quantize /f5_transformer/transformer_blocks.18/Mul ...
2026-08-13 20:57:04,227 onnxruntime.quantization.matmul_nbits_quantizer [INFO] - skip to quantize /f5_transformer/transformer_blocks.18/Add ...
2026-08-13 20:57:04,227 onnxruntime.quantization.matmul_nbits_quantizer [INFO] - skip to quantize /f5_transformer/transformer_blocks.18/ff_norm/LayerNormalization ...
2026-08-13 20:57:04,227 onnxruntime.quantization.matmul_nbits_quantizer [INFO] - skip to quantize /f5_transformer/transformer_blocks.18/Add_1 ...
2026-08-13 20:57:04,227 onnxruntime.quantization.matmul_nbits_quantizer [INFO] - skip to quantize /f5_transformer/transformer_blocks.18/Mul_1 ...
2026-08-13 20:57:04,227 onnxruntime.quantization.matmul_nbits_quantizer [INFO] - skip to quantize /f5_transformer/transformer_blocks.18/Add_2 ...
2026-08-13 20:57:04,227 onnxruntime.quantization.matmul_nbits_quantizer [INFO] - start to quantize /f5_transformer/transformer_blocks.18/ff/ff/ff.0/ff.0.0/MatMul ...
2026-08-13 20:57:04,230 onnxruntime.quantization.matmul_nbits_quantizer [INFO] - complete quantization of /f5_transformer/transformer_blocks.18/ff/ff/ff.0/ff.0.0/MatMul with 4 bits ...
2026-08-13 20:57:04,230 onnxruntime.quantization.matmul_nbits_quantizer [INFO] - skip to quantize /f5_transformer/transformer_blocks.18/ff/ff/ff.0/ff.0.0/Add ...
2026-08-13 20:57:04,230 onnxruntime.quantization.matmul_nbits_quantizer [INFO] - skip to quantize /f5_transformer/transformer_blocks.18/ff/ff/ff.0/ff.0.1/Gelu ...
2026-08-13 20:57:04,230 onnxruntime.quantization.matmul_nbits_quantizer [INFO] - start to quantize /f5_transformer/transformer_blocks.18/ff/ff/ff.2/MatMul ...
2026-08-13 20:57:04,233 onnxruntime.quantization.matmul_nbits_quantizer [INFO] - complete quantization of /f5_transformer/transformer_blocks.18/ff/ff/ff.2/MatMul with 4 bits ...
2026-08-13 20:57:04,233 onnxruntime.quantization.matmul_nbits_quantizer [INFO] - skip to quantize /f5_transformer/transformer_blocks.18/ff/ff/ff.2/Add ...
2026-08-13 20:57:04,233 onnxruntime.quantization.matmul_nbits_quantizer [INFO] - skip to quantize /f5_transformer/transformer_blocks.18/Mul_2 ...
2026-08-13 20:57:04,233 onnxruntime.quantization.matmul_nbits_quantizer [INFO] - skip to quantize /f5_transformer/transformer_blocks.18/Add_3 ...
2026-08-13 20:57:04,233 onnxruntime.quantization.matmul_nbits_quantizer [INFO] - skip to quantize /f5_transformer/transformer_blocks.19/attn_norm/Split ...
2026-08-13 20:57:04,233 onnxruntime.quantization.matmul_nbits_quantizer [INFO] - skip to quantize /f5_transformer/transformer_blocks.19/attn_norm/norm/LayerNormalization ...
2026-08-13 20:57:04,233 onnxruntime.quantization.matmul_nbits_quantizer [INFO] - skip to quantize /f5_transformer/transformer_blocks.19/attn_norm/Add ...
2026-08-13 20:57:04,233 onnxruntime.quantization.matmul_nbits_quantizer [INFO] - skip to quantize /f5_transformer/transformer_blocks.19/attn_norm/Mul ...
2026-08-13 20:57:04,233 onnxruntime.quantization.matmul_nbits_quantizer [INFO] - skip to quantize /f5_transformer/transformer_blocks.19/attn_norm/Add_1 ...
2026-08-13 20:57:04,233 onnxruntime.quantization.matmul_nbits_quantizer [INFO] - start to quantize /f5_transformer/transformer_blocks.19/attn/to_qkv/MatMul ...
2026-08-13 20:57:04,237 onnxruntime.quantization.matmul_nbits_quantizer [INFO] - complete quantization of /f5_transformer/transformer_blocks.19/attn/to_qkv/MatMul with 4 bits ...
2026-08-13 20:57:04,237 onnxruntime.quantization.matmul_nbits_quantizer [INFO] - skip to quantize /f5_transformer/transformer_blocks.19/attn/to_qkv/Add ...
2026-08-13 20:57:04,237 onnxruntime.quantization.matmul_nbits_quantizer [INFO] - skip to quantize /f5_transformer/transformer_blocks.19/attn/Reshape ...
2026-08-13 20:57:04,237 onnxruntime.quantization.matmul_nbits_quantizer [INFO] - skip to quantize /f5_transformer/transformer_blocks.19/attn/Transpose ...
2026-08-13 20:57:04,237 onnxruntime.quantization.matmul_nbits_quantizer [INFO] - skip to quantize /f5_transformer/transformer_blocks.19/attn/Split ...
2026-08-13 20:57:04,237 onnxruntime.quantization.matmul_nbits_quantizer [INFO] - skip to quantize /f5_transformer/transformer_blocks.19/attn/Split_1 ...
2026-08-13 20:57:04,237 onnxruntime.quantization.matmul_nbits_quantizer [INFO] - skip to quantize /f5_transformer/transformer_blocks.19/attn/Slice ...
2026-08-13 20:57:04,237 onnxruntime.quantization.matmul_nbits_quantizer [INFO] - skip to quantize /f5_transformer/transformer_blocks.19/attn/Mul ...
2026-08-13 20:57:04,237 onnxruntime.quantization.matmul_nbits_quantizer [INFO] - skip to quantize /f5_transformer/transformer_blocks.19/attn/Gather ...
2026-08-13 20:57:04,237 onnxruntime.quantization.matmul_nbits_quantizer [INFO] - skip to quantize /f5_transformer/transformer_blocks.19/attn/Mul_1 ...
2026-08-13 20:57:04,237 onnxruntime.quantization.matmul_nbits_quantizer [INFO] - skip to quantize /f5_transformer/transformer_blocks.19/attn/Add ...
2026-08-13 20:57:04,237 onnxruntime.quantization.matmul_nbits_quantizer [INFO] - skip to quantize /f5_transformer/transformer_blocks.19/attn/Slice_1 ...
2026-08-13 20:57:04,237 onnxruntime.quantization.matmul_nbits_quantizer [INFO] - skip to quantize /f5_transformer/transformer_blocks.19/attn/Concat ...
2026-08-13 20:57:04,237 onnxruntime.quantization.matmul_nbits_quantizer [INFO] - skip to quantize /f5_transformer/transformer_blocks.19/attn/Slice_2 ...
2026-08-13 20:57:04,237 onnxruntime.quantization.matmul_nbits_quantizer [INFO] - skip to quantize /f5_transformer/transformer_blocks.19/attn/Mul_2 ...
2026-08-13 20:57:04,237 onnxruntime.quantization.matmul_nbits_quantizer [INFO] - skip to quantize /f5_transformer/transformer_blocks.19/attn/Gather_1 ...
2026-08-13 20:57:04,237 onnxruntime.quantization.matmul_nbits_quantizer [INFO] - skip to quantize /f5_transformer/transformer_blocks.19/attn/Mul_3 ...
2026-08-13 20:57:04,238 onnxruntime.quantization.matmul_nbits_quantizer [INFO] - skip to quantize /f5_transformer/transformer_blocks.19/attn/Add_1 ...
2026-08-13 20:57:04,238 onnxruntime.quantization.matmul_nbits_quantizer [INFO] - skip to quantize /f5_transformer/transformer_blocks.19/attn/Slice_3 ...
2026-08-13 20:57:04,238 onnxruntime.quantization.matmul_nbits_quantizer [INFO] - skip to quantize /f5_transformer/transformer_blocks.19/attn/Concat_1 ...
2026-08-13 20:57:04,238 onnxruntime.quantization.matmul_nbits_quantizer [INFO] - skip to quantize /f5_transformer/transformer_blocks.19/attn/Transpose_1 ...
2026-08-13 20:57:04,238 onnxruntime.quantization.matmul_nbits_quantizer [INFO] - start to quantize /f5_transformer/transformer_blocks.19/attn/MatMul ...
2026-08-13 20:57:04,238 onnxruntime.quantization.matmul_nbits_quantizer [INFO] - MatMul doesn't have const weight. Skip to quantize
2026-08-13 20:57:04,238 onnxruntime.quantization.matmul_nbits_quantizer [INFO] - complete quantization of /f5_transformer/transformer_blocks.19/attn/MatMul with 4 bits ...
2026-08-13 20:57:04,238 onnxruntime.quantization.matmul_nbits_quantizer [INFO] - skip to quantize /f5_transformer/transformer_blocks.19/attn/Softmax ...
2026-08-13 20:57:04,238 onnxruntime.quantization.matmul_nbits_quantizer [INFO] - start to quantize /f5_transformer/transformer_blocks.19/attn/MatMul_1 ...
2026-08-13 20:57:04,238 onnxruntime.quantization.matmul_nbits_quantizer [INFO] - MatMul doesn't have const weight. Skip to quantize
2026-08-13 20:57:04,238 onnxruntime.quantization.matmul_nbits_quantizer [INFO] - complete quantization of /f5_transformer/transformer_blocks.19/attn/MatMul_1 with 4 bits ...
2026-08-13 20:57:04,238 onnxruntime.quantization.matmul_nbits_quantizer [INFO] - skip to quantize /f5_transformer/transformer_blocks.19/attn/Transpose_2 ...
2026-08-13 20:57:04,238 onnxruntime.quantization.matmul_nbits_quantizer [INFO] - skip to quantize /f5_transformer/transformer_blocks.19/attn/Reshape_1 ...
2026-08-13 20:57:04,238 onnxruntime.quantization.matmul_nbits_quantizer [INFO] - start to quantize /f5_transformer/transformer_blocks.19/attn/to_out.0/MatMul ...
2026-08-13 20:57:04,240 onnxruntime.quantization.matmul_nbits_quantizer [INFO] - complete quantization of /f5_transformer/transformer_blocks.19/attn/to_out.0/MatMul with 4 bits ...
2026-08-13 20:57:04,240 onnxruntime.quantization.matmul_nbits_quantizer [INFO] - skip to quantize /f5_transformer/transformer_blocks.19/attn/to_out.0/Add ...
2026-08-13 20:57:04,240 onnxruntime.quantization.matmul_nbits_quantizer [INFO] - skip to quantize /f5_transformer/transformer_blocks.19/Mul ...
2026-08-13 20:57:04,240 onnxruntime.quantization.matmul_nbits_quantizer [INFO] - skip to quantize /f5_transformer/transformer_blocks.19/Add ...
2026-08-13 20:57:04,240 onnxruntime.quantization.matmul_nbits_quantizer [INFO] - skip to quantize /f5_transformer/transformer_blocks.19/ff_norm/LayerNormalization ...
2026-08-13 20:57:04,240 onnxruntime.quantization.matmul_nbits_quantizer [INFO] - skip to quantize /f5_transformer/transformer_blocks.19/Add_1 ...
2026-08-13 20:57:04,240 onnxruntime.quantization.matmul_nbits_quantizer [INFO] - skip to quantize /f5_transformer/transformer_blocks.19/Mul_1 ...
2026-08-13 20:57:04,240 onnxruntime.quantization.matmul_nbits_quantizer [INFO] - skip to quantize /f5_transformer/transformer_blocks.19/Add_2 ...
2026-08-13 20:57:04,240 onnxruntime.quantization.matmul_nbits_quantizer [INFO] - start to quantize /f5_transformer/transformer_blocks.19/ff/ff/ff.0/ff.0.0/MatMul ...
2026-08-13 20:57:04,243 onnxruntime.quantization.matmul_nbits_quantizer [INFO] - complete quantization of /f5_transformer/transformer_blocks.19/ff/ff/ff.0/ff.0.0/MatMul with 4 bits ...
2026-08-13 20:57:04,243 onnxruntime.quantization.matmul_nbits_quantizer [INFO] - skip to quantize /f5_transformer/transformer_blocks.19/ff/ff/ff.0/ff.0.0/Add ...
2026-08-13 20:57:04,243 onnxruntime.quantization.matmul_nbits_quantizer [INFO] - skip to quantize /f5_transformer/transformer_blocks.19/ff/ff/ff.0/ff.0.1/Gelu ...
2026-08-13 20:57:04,243 onnxruntime.quantization.matmul_nbits_quantizer [INFO] - start to quantize /f5_transformer/transformer_blocks.19/ff/ff/ff.2/MatMul ...
2026-08-13 20:57:04,246 onnxruntime.quantization.matmul_nbits_quantizer [INFO] - complete quantization of /f5_transformer/transformer_blocks.19/ff/ff/ff.2/MatMul with 4 bits ...
2026-08-13 20:57:04,246 onnxruntime.quantization.matmul_nbits_quantizer [INFO] - skip to quantize /f5_transformer/transformer_blocks.19/ff/ff/ff.2/Add ...
2026-08-13 20:57:04,246 onnxruntime.quantization.matmul_nbits_quantizer [INFO] - skip to quantize /f5_transformer/transformer_blocks.19/Mul_2 ...
2026-08-13 20:57:04,246 onnxruntime.quantization.matmul_nbits_quantizer [INFO] - skip to quantize /f5_transformer/transformer_blocks.19/Add_3 ...
2026-08-13 20:57:04,246 onnxruntime.quantization.matmul_nbits_quantizer [INFO] - skip to quantize /f5_transformer/transformer_blocks.20/attn_norm/Split ...
2026-08-13 20:57:04,246 onnxruntime.quantization.matmul_nbits_quantizer [INFO] - skip to quantize /f5_transformer/transformer_blocks.20/attn_norm/norm/LayerNormalization ...
2026-08-13 20:57:04,246 onnxruntime.quantization.matmul_nbits_quantizer [INFO] - skip to quantize /f5_transformer/transformer_blocks.20/attn_norm/Add ...
2026-08-13 20:57:04,246 onnxruntime.quantization.matmul_nbits_quantizer [INFO] - skip to quantize /f5_transformer/transformer_blocks.20/attn_norm/Mul ...
2026-08-13 20:57:04,246 onnxruntime.quantization.matmul_nbits_quantizer [INFO] - skip to quantize /f5_transformer/transformer_blocks.20/attn_norm/Add_1 ...
2026-08-13 20:57:04,246 onnxruntime.quantization.matmul_nbits_quantizer [INFO] - start to quantize /f5_transformer/transformer_blocks.20/attn/to_qkv/MatMul ...
2026-08-13 20:57:04,251 onnxruntime.quantization.matmul_nbits_quantizer [INFO] - complete quantization of /f5_transformer/transformer_blocks.20/attn/to_qkv/MatMul with 4 bits ...
2026-08-13 20:57:04,251 onnxruntime.quantization.matmul_nbits_quantizer [INFO] - skip to quantize /f5_transformer/transformer_blocks.20/attn/to_qkv/Add ...
2026-08-13 20:57:04,251 onnxruntime.quantization.matmul_nbits_quantizer [INFO] - skip to quantize /f5_transformer/transformer_blocks.20/attn/Reshape ...
2026-08-13 20:57:04,251 onnxruntime.quantization.matmul_nbits_quantizer [INFO] - skip to quantize /f5_transformer/transformer_blocks.20/attn/Transpose ...
2026-08-13 20:57:04,251 onnxruntime.quantization.matmul_nbits_quantizer [INFO] - skip to quantize /f5_transformer/transformer_blocks.20/attn/Split ...
2026-08-13 20:57:04,251 onnxruntime.quantization.matmul_nbits_quantizer [INFO] - skip to quantize /f5_transformer/transformer_blocks.20/attn/Split_1 ...
2026-08-13 20:57:04,251 onnxruntime.quantization.matmul_nbits_quantizer [INFO] - skip to quantize /f5_transformer/transformer_blocks.20/attn/Slice ...
2026-08-13 20:57:04,251 onnxruntime.quantization.matmul_nbits_quantizer [INFO] - skip to quantize /f5_transformer/transformer_blocks.20/attn/Mul ...
2026-08-13 20:57:04,251 onnxruntime.quantization.matmul_nbits_quantizer [INFO] - skip to quantize /f5_transformer/transformer_blocks.20/attn/Gather ...
2026-08-13 20:57:04,251 onnxruntime.quantization.matmul_nbits_quantizer [INFO] - skip to quantize /f5_transformer/transformer_blocks.20/attn/Mul_1 ...
2026-08-13 20:57:04,251 onnxruntime.quantization.matmul_nbits_quantizer [INFO] - skip to quantize /f5_transformer/transformer_blocks.20/attn/Add ...
2026-08-13 20:57:04,251 onnxruntime.quantization.matmul_nbits_quantizer [INFO] - skip to quantize /f5_transformer/transformer_blocks.20/attn/Slice_1 ...
2026-08-13 20:57:04,251 onnxruntime.quantization.matmul_nbits_quantizer [INFO] - skip to quantize /f5_transformer/transformer_blocks.20/attn/Concat ...
2026-08-13 20:57:04,251 onnxruntime.quantization.matmul_nbits_quantizer [INFO] - skip to quantize /f5_transformer/transformer_blocks.20/attn/Slice_2 ...
2026-08-13 20:57:04,251 onnxruntime.quantization.matmul_nbits_quantizer [INFO] - skip to quantize /f5_transformer/transformer_blocks.20/attn/Mul_2 ...
2026-08-13 20:57:04,251 onnxruntime.quantization.matmul_nbits_quantizer [INFO] - skip to quantize /f5_transformer/transformer_blocks.20/attn/Gather_1 ...
2026-08-13 20:57:04,251 onnxruntime.quantization.matmul_nbits_quantizer [INFO] - skip to quantize /f5_transformer/transformer_blocks.20/attn/Mul_3 ...
2026-08-13 20:57:04,251 onnxruntime.quantization.matmul_nbits_quantizer [INFO] - skip to quantize /f5_transformer/transformer_blocks.20/attn/Add_1 ...
2026-08-13 20:57:04,251 onnxruntime.quantization.matmul_nbits_quantizer [INFO] - skip to quantize /f5_transformer/transformer_blocks.20/attn/Slice_3 ...
2026-08-13 20:57:04,251 onnxruntime.quantization.matmul_nbits_quantizer [INFO] - skip to quantize /f5_transformer/transformer_blocks.20/attn/Concat_1 ...
2026-08-13 20:57:04,251 onnxruntime.quantization.matmul_nbits_quantizer [INFO] - skip to quantize /f5_transformer/transformer_blocks.20/attn/Transpose_1 ...
2026-08-13 20:57:04,251 onnxruntime.quantization.matmul_nbits_quantizer [INFO] - start to quantize /f5_transformer/transformer_blocks.20/attn/MatMul ...
2026-08-13 20:57:04,251 onnxruntime.quantization.matmul_nbits_quantizer [INFO] - MatMul doesn't have const weight. Skip to quantize
2026-08-13 20:57:04,251 onnxruntime.quantization.matmul_nbits_quantizer [INFO] - complete quantization of /f5_transformer/transformer_blocks.20/attn/MatMul with 4 bits ...
2026-08-13 20:57:04,251 onnxruntime.quantization.matmul_nbits_quantizer [INFO] - skip to quantize /f5_transformer/transformer_blocks.20/attn/Softmax ...
2026-08-13 20:57:04,251 onnxruntime.quantization.matmul_nbits_quantizer [INFO] - start to quantize /f5_transformer/transformer_blocks.20/attn/MatMul_1 ...
2026-08-13 20:57:04,251 onnxruntime.quantization.matmul_nbits_quantizer [INFO] - MatMul doesn't have const weight. Skip to quantize
2026-08-13 20:57:04,251 onnxruntime.quantization.matmul_nbits_quantizer [INFO] - complete quantization of /f5_transformer/transformer_blocks.20/attn/MatMul_1 with 4 bits ...
2026-08-13 20:57:04,251 onnxruntime.quantization.matmul_nbits_quantizer [INFO] - skip to quantize /f5_transformer/transformer_blocks.20/attn/Transpose_2 ...
2026-08-13 20:57:04,251 onnxruntime.quantization.matmul_nbits_quantizer [INFO] - skip to quantize /f5_transformer/transformer_blocks.20/attn/Reshape_1 ...
2026-08-13 20:57:04,251 onnxruntime.quantization.matmul_nbits_quantizer [INFO] - start to quantize /f5_transformer/transformer_blocks.20/attn/to_out.0/MatMul ...
2026-08-13 20:57:04,253 onnxruntime.quantization.matmul_nbits_quantizer [INFO] - complete quantization of /f5_transformer/transformer_blocks.20/attn/to_out.0/MatMul with 4 bits ...
2026-08-13 20:57:04,253 onnxruntime.quantization.matmul_nbits_quantizer [INFO] - skip to quantize /f5_transformer/transformer_blocks.20/attn/to_out.0/Add ...
2026-08-13 20:57:04,253 onnxruntime.quantization.matmul_nbits_quantizer [INFO] - skip to quantize /f5_transformer/transformer_blocks.20/Mul ...
2026-08-13 20:57:04,253 onnxruntime.quantization.matmul_nbits_quantizer [INFO] - skip to quantize /f5_transformer/transformer_blocks.20/Add ...
2026-08-13 20:57:04,253 onnxruntime.quantization.matmul_nbits_quantizer [INFO] - skip to quantize /f5_transformer/transformer_blocks.20/ff_norm/LayerNormalization ...
2026-08-13 20:57:04,253 onnxruntime.quantization.matmul_nbits_quantizer [INFO] - skip to quantize /f5_transformer/transformer_blocks.20/Add_1 ...
2026-08-13 20:57:04,253 onnxruntime.quantization.matmul_nbits_quantizer [INFO] - skip to quantize /f5_transformer/transformer_blocks.20/Mul_1 ...
2026-08-13 20:57:04,253 onnxruntime.quantization.matmul_nbits_quantizer [INFO] - skip to quantize /f5_transformer/transformer_blocks.20/Add_2 ...
2026-08-13 20:57:04,253 onnxruntime.quantization.matmul_nbits_quantizer [INFO] - start to quantize /f5_transformer/transformer_blocks.20/ff/ff/ff.0/ff.0.0/MatMul ...
2026-08-13 20:57:04,256 onnxruntime.quantization.matmul_nbits_quantizer [INFO] - complete quantization of /f5_transformer/transformer_blocks.20/ff/ff/ff.0/ff.0.0/MatMul with 4 bits ...
2026-08-13 20:57:04,256 onnxruntime.quantization.matmul_nbits_quantizer [INFO] - skip to quantize /f5_transformer/transformer_blocks.20/ff/ff/ff.0/ff.0.0/Add ...
2026-08-13 20:57:04,256 onnxruntime.quantization.matmul_nbits_quantizer [INFO] - skip to quantize /f5_transformer/transformer_blocks.20/ff/ff/ff.0/ff.0.1/Gelu ...
2026-08-13 20:57:04,256 onnxruntime.quantization.matmul_nbits_quantizer [INFO] - start to quantize /f5_transformer/transformer_blocks.20/ff/ff/ff.2/MatMul ...
2026-08-13 20:57:04,260 onnxruntime.quantization.matmul_nbits_quantizer [INFO] - complete quantization of /f5_transformer/transformer_blocks.20/ff/ff/ff.2/MatMul with 4 bits ...
2026-08-13 20:57:04,260 onnxruntime.quantization.matmul_nbits_quantizer [INFO] - skip to quantize /f5_transformer/transformer_blocks.20/ff/ff/ff.2/Add ...
2026-08-13 20:57:04,260 onnxruntime.quantization.matmul_nbits_quantizer [INFO] - skip to quantize /f5_transformer/transformer_blocks.20/Mul_2 ...
2026-08-13 20:57:04,260 onnxruntime.quantization.matmul_nbits_quantizer [INFO] - skip to quantize /f5_transformer/transformer_blocks.20/Add_3 ...
2026-08-13 20:57:04,260 onnxruntime.quantization.matmul_nbits_quantizer [INFO] - skip to quantize /f5_transformer/transformer_blocks.21/attn_norm/Split ...
2026-08-13 20:57:04,260 onnxruntime.quantization.matmul_nbits_quantizer [INFO] - skip to quantize /f5_transformer/transformer_blocks.21/attn_norm/norm/LayerNormalization ...
2026-08-13 20:57:04,260 onnxruntime.quantization.matmul_nbits_quantizer [INFO] - skip to quantize /f5_transformer/transformer_blocks.21/attn_norm/Add ...
2026-08-13 20:57:04,260 onnxruntime.quantization.matmul_nbits_quantizer [INFO] - skip to quantize /f5_transformer/transformer_blocks.21/attn_norm/Mul ...
2026-08-13 20:57:04,260 onnxruntime.quantization.matmul_nbits_quantizer [INFO] - skip to quantize /f5_transformer/transformer_blocks.21/attn_norm/Add_1 ...
2026-08-13 20:57:04,260 onnxruntime.quantization.matmul_nbits_quantizer [INFO] - start to quantize /f5_transformer/transformer_blocks.21/attn/to_qkv/MatMul ...
2026-08-13 20:57:04,264 onnxruntime.quantization.matmul_nbits_quantizer [INFO] - complete quantization of /f5_transformer/transformer_blocks.21/attn/to_qkv/MatMul with 4 bits ...
2026-08-13 20:57:04,264 onnxruntime.quantization.matmul_nbits_quantizer [INFO] - skip to quantize /f5_transformer/transformer_blocks.21/attn/to_qkv/Add ...
2026-08-13 20:57:04,264 onnxruntime.quantization.matmul_nbits_quantizer [INFO] - skip to quantize /f5_transformer/transformer_blocks.21/attn/Reshape ...
2026-08-13 20:57:04,264 onnxruntime.quantization.matmul_nbits_quantizer [INFO] - skip to quantize /f5_transformer/transformer_blocks.21/attn/Transpose ...
2026-08-13 20:57:04,264 onnxruntime.quantization.matmul_nbits_quantizer [INFO] - skip to quantize /f5_transformer/transformer_blocks.21/attn/Split ...
2026-08-13 20:57:04,264 onnxruntime.quantization.matmul_nbits_quantizer [INFO] - skip to quantize /f5_transformer/transformer_blocks.21/attn/Split_1 ...
2026-08-13 20:57:04,264 onnxruntime.quantization.matmul_nbits_quantizer [INFO] - skip to quantize /f5_transformer/transformer_blocks.21/attn/Slice ...
2026-08-13 20:57:04,264 onnxruntime.quantization.matmul_nbits_quantizer [INFO] - skip to quantize /f5_transformer/transformer_blocks.21/attn/Mul ...
2026-08-13 20:57:04,264 onnxruntime.quantization.matmul_nbits_quantizer [INFO] - skip to quantize /f5_transformer/transformer_blocks.21/attn/Gather ...
2026-08-13 20:57:04,264 onnxruntime.quantization.matmul_nbits_quantizer [INFO] - skip to quantize /f5_transformer/transformer_blocks.21/attn/Mul_1 ...
2026-08-13 20:57:04,264 onnxruntime.quantization.matmul_nbits_quantizer [INFO] - skip to quantize /f5_transformer/transformer_blocks.21/attn/Add ...
2026-08-13 20:57:04,264 onnxruntime.quantization.matmul_nbits_quantizer [INFO] - skip to quantize /f5_transformer/transformer_blocks.21/attn/Slice_1 ...
2026-08-13 20:57:04,264 onnxruntime.quantization.matmul_nbits_quantizer [INFO] - skip to quantize /f5_transformer/transformer_blocks.21/attn/Concat ...
2026-08-13 20:57:04,264 onnxruntime.quantization.matmul_nbits_quantizer [INFO] - skip to quantize /f5_transformer/transformer_blocks.21/attn/Slice_2 ...
2026-08-13 20:57:04,264 onnxruntime.quantization.matmul_nbits_quantizer [INFO] - skip to quantize /f5_transformer/transformer_blocks.21/attn/Mul_2 ...
2026-08-13 20:57:04,264 onnxruntime.quantization.matmul_nbits_quantizer [INFO] - skip to quantize /f5_transformer/transformer_blocks.21/attn/Gather_1 ...
2026-08-13 20:57:04,264 onnxruntime.quantization.matmul_nbits_quantizer [INFO] - skip to quantize /f5_transformer/transformer_blocks.21/attn/Mul_3 ...
2026-08-13 20:57:04,264 onnxruntime.quantization.matmul_nbits_quantizer [INFO] - skip to quantize /f5_transformer/transformer_blocks.21/attn/Add_1 ...
2026-08-13 20:57:04,264 onnxruntime.quantization.matmul_nbits_quantizer [INFO] - skip to quantize /f5_transformer/transformer_blocks.21/attn/Slice_3 ...
2026-08-13 20:57:04,264 onnxruntime.quantization.matmul_nbits_quantizer [INFO] - skip to quantize /f5_transformer/transformer_blocks.21/attn/Concat_1 ...
2026-08-13 20:57:04,264 onnxruntime.quantization.matmul_nbits_quantizer [INFO] - skip to quantize /f5_transformer/transformer_blocks.21/attn/Transpose_1 ...
2026-08-13 20:57:04,264 onnxruntime.quantization.matmul_nbits_quantizer [INFO] - start to quantize /f5_transformer/transformer_blocks.21/attn/MatMul ...
2026-08-13 20:57:04,265 onnxruntime.quantization.matmul_nbits_quantizer [INFO] - MatMul doesn't have const weight. Skip to quantize
2026-08-13 20:57:04,265 onnxruntime.quantization.matmul_nbits_quantizer [INFO] - complete quantization of /f5_transformer/transformer_blocks.21/attn/MatMul with 4 bits ...
2026-08-13 20:57:04,265 onnxruntime.quantization.matmul_nbits_quantizer [INFO] - skip to quantize /f5_transformer/transformer_blocks.21/attn/Softmax ...
2026-08-13 20:57:04,265 onnxruntime.quantization.matmul_nbits_quantizer [INFO] - start to quantize /f5_transformer/transformer_blocks.21/attn/MatMul_1 ...
2026-08-13 20:57:04,265 onnxruntime.quantization.matmul_nbits_quantizer [INFO] - MatMul doesn't have const weight. Skip to quantize
2026-08-13 20:57:04,265 onnxruntime.quantization.matmul_nbits_quantizer [INFO] - complete quantization of /f5_transformer/transformer_blocks.21/attn/MatMul_1 with 4 bits ...
2026-08-13 20:57:04,265 onnxruntime.quantization.matmul_nbits_quantizer [INFO] - skip to quantize /f5_transformer/transformer_blocks.21/attn/Transpose_2 ...
2026-08-13 20:57:04,265 onnxruntime.quantization.matmul_nbits_quantizer [INFO] - skip to quantize /f5_transformer/transformer_blocks.21/attn/Reshape_1 ...
2026-08-13 20:57:04,265 onnxruntime.quantization.matmul_nbits_quantizer [INFO] - start to quantize /f5_transformer/transformer_blocks.21/attn/to_out.0/MatMul ...
2026-08-13 20:57:04,267 onnxruntime.quantization.matmul_nbits_quantizer [INFO] - complete quantization of /f5_transformer/transformer_blocks.21/attn/to_out.0/MatMul with 4 bits ...
2026-08-13 20:57:04,267 onnxruntime.quantization.matmul_nbits_quantizer [INFO] - skip to quantize /f5_transformer/transformer_blocks.21/attn/to_out.0/Add ...
2026-08-13 20:57:04,267 onnxruntime.quantization.matmul_nbits_quantizer [INFO] - skip to quantize /f5_transformer/transformer_blocks.21/Mul ...
2026-08-13 20:57:04,267 onnxruntime.quantization.matmul_nbits_quantizer [INFO] - skip to quantize /f5_transformer/transformer_blocks.21/Add ...
2026-08-13 20:57:04,267 onnxruntime.quantization.matmul_nbits_quantizer [INFO] - skip to quantize /f5_transformer/transformer_blocks.21/ff_norm/LayerNormalization ...
2026-08-13 20:57:04,267 onnxruntime.quantization.matmul_nbits_quantizer [INFO] - skip to quantize /f5_transformer/transformer_blocks.21/Add_1 ...
2026-08-13 20:57:04,267 onnxruntime.quantization.matmul_nbits_quantizer [INFO] - skip to quantize /f5_transformer/transformer_blocks.21/Mul_1 ...
2026-08-13 20:57:04,267 onnxruntime.quantization.matmul_nbits_quantizer [INFO] - skip to quantize /f5_transformer/transformer_blocks.21/Add_2 ...
2026-08-13 20:57:04,267 onnxruntime.quantization.matmul_nbits_quantizer [INFO] - start to quantize /f5_transformer/transformer_blocks.21/ff/ff/ff.0/ff.0.0/MatMul ...
2026-08-13 20:57:04,270 onnxruntime.quantization.matmul_nbits_quantizer [INFO] - complete quantization of /f5_transformer/transformer_blocks.21/ff/ff/ff.0/ff.0.0/MatMul with 4 bits ...
2026-08-13 20:57:04,270 onnxruntime.quantization.matmul_nbits_quantizer [INFO] - skip to quantize /f5_transformer/transformer_blocks.21/ff/ff/ff.0/ff.0.0/Add ...
2026-08-13 20:57:04,270 onnxruntime.quantization.matmul_nbits_quantizer [INFO] - skip to quantize /f5_transformer/transformer_blocks.21/ff/ff/ff.0/ff.0.1/Gelu ...
2026-08-13 20:57:04,270 onnxruntime.quantization.matmul_nbits_quantizer [INFO] - start to quantize /f5_transformer/transformer_blocks.21/ff/ff/ff.2/MatMul ...
2026-08-13 20:57:04,273 onnxruntime.quantization.matmul_nbits_quantizer [INFO] - complete quantization of /f5_transformer/transformer_blocks.21/ff/ff/ff.2/MatMul with 4 bits ...
2026-08-13 20:57:04,273 onnxruntime.quantization.matmul_nbits_quantizer [INFO] - skip to quantize /f5_transformer/transformer_blocks.21/ff/ff/ff.2/Add ...
2026-08-13 20:57:04,273 onnxruntime.quantization.matmul_nbits_quantizer [INFO] - skip to quantize /f5_transformer/transformer_blocks.21/Mul_2 ...
2026-08-13 20:57:04,273 onnxruntime.quantization.matmul_nbits_quantizer [INFO] - skip to quantize /f5_transformer/transformer_blocks.21/Add_3 ...
2026-08-13 20:57:04,273 onnxruntime.quantization.matmul_nbits_quantizer [INFO] - skip to quantize /f5_transformer/norm_out/Split ...
2026-08-13 20:57:04,273 onnxruntime.quantization.matmul_nbits_quantizer [INFO] - skip to quantize /f5_transformer/norm_out/norm/LayerNormalization ...
2026-08-13 20:57:04,273 onnxruntime.quantization.matmul_nbits_quantizer [INFO] - skip to quantize /f5_transformer/norm_out/Add ...
2026-08-13 20:57:04,273 onnxruntime.quantization.matmul_nbits_quantizer [INFO] - skip to quantize /f5_transformer/norm_out/Mul ...
2026-08-13 20:57:04,273 onnxruntime.quantization.matmul_nbits_quantizer [INFO] - skip to quantize /f5_transformer/norm_out/Add_1 ...
2026-08-13 20:57:04,273 onnxruntime.quantization.matmul_nbits_quantizer [INFO] - start to quantize /f5_transformer/proj_out/MatMul ...
2026-08-13 20:57:04,274 onnxruntime.quantization.matmul_nbits_quantizer [INFO] - complete quantization of /f5_transformer/proj_out/MatMul with 4 bits ...
2026-08-13 20:57:04,274 onnxruntime.quantization.matmul_nbits_quantizer [INFO] - skip to quantize /f5_transformer/proj_out/Add ...
2026-08-13 20:57:04,274 onnxruntime.quantization.matmul_nbits_quantizer [INFO] - skip to quantize /Split ...
2026-08-13 20:57:04,274 onnxruntime.quantization.matmul_nbits_quantizer [INFO] - skip to quantize /Mul ...
2026-08-13 20:57:04,274 onnxruntime.quantization.matmul_nbits_quantizer [INFO] - skip to quantize /Mul_1 ...
2026-08-13 20:57:04,274 onnxruntime.quantization.matmul_nbits_quantizer [INFO] - skip to quantize /Add ...
2026-08-13 20:57:04,274 onnxruntime.quantization.matmul_nbits_quantizer [INFO] - skip to quantize /Mul_2 ...
2026-08-13 20:57:04,274 onnxruntime.quantization.matmul_nbits_quantizer [INFO] - skip to quantize /Add_1 ...

============================================================
Processing: F5_Transformer  [Q4]
============================================================
  Materialized 584 Constant tensor nodes as initializers for weight quantization.
  Quantizing weights (DEFAULT, 4-bit, block=32, format=QOPERATOR, ops=['MatMul'])...
  Optimizing (onnxslim -> transformers optimizer -> onnxslim)...
+-----------------------+-------------------------------------+------------------------------------------+
|      Model Name       |         F5_Transformer.onnx         | /Users/umangsharma/Desktop/F5-TTS/ckpts/ |
|                       |                                     | zuna_dual_voice_v3/onnx/q4-nfe8/F5_Trans |
|                       |                                     |               former.onnx                |
+-----------------------+-------------------------------------+------------------------------------------+
|      Model Info       |     Op Set: 20 / IR Version: 9      |        Op Set: 20 / IR Version: 9        |
+-----------------------+-------------------------------------+------------------------------------------+
|       IN: noise       |  float32: (1, 'max_duration', 100)  |    float32: (1, 'max_duration', 100)     |
|     IN: rope_cos      | float32: (2, 1, 'max_duration', 64) |   float32: (2, 1, 'max_duration', 64)    |
|     IN: rope_sin      | float32: (2, 1, 'max_duration', 64) |   float32: (2, 1, 'max_duration', 64)    |
|   IN: cat_mel_text    |  float32: (1, 'max_duration', 612)  |    float32: (1, 'max_duration', 612)     |
| IN: cat_mel_text_drop |  float32: (1, 'max_duration', 612)  |    float32: (1, 'max_duration', 612)     |
|     IN: time_step     |             int32: (1,)             |               int32: (1,)                |
|     OUT: denoised     |  float32: (1, 'max_duration', 100)  |    float32: (1, 'max_duration', 100)     |
+-----------------------+-------------------------------------+------------------------------------------+
|          Add          |                 272                 |                   272                    |
|        Concat         |                 47                  |                    47                    |
|         Conv          |                  2                  |                    2                     |
|        Gather         |                 46                  |                    46                    |
|         Gelu          |                 22                  |                    22                    |
|  LayerNormalization   |                 45                  |                    45                    |
|        MatMul         |                 44                  |                    44                    |
|      MatMulNBits      |                 91                  |                    91                    |
|         Mish          |                  2                  |                    2                     |
|          Mul          |                 181                 |                   181                    |
|        Reshape        |                 44                  |                    44                    |
|        Sigmoid        |                  1                  |                    1                     |
|         Slice         |                 88                  |                    88                    |
|        Softmax        |                 22                  |                    22                    |
|         Split         |                 69                  |                    69                    |
|       Transpose       |                 68                  |                    68                    |
+-----------------------+-------------------------------------+------------------------------------------+
|      Model Size       |              216.24 MB              |                216.24 MB                 |
+-----------------------+-------------------------------------+------------------------------------------+
|     Elapsed Time      |                                     0.38 s                                     |
+-----------------------+-------------------------------------+------------------------------------------+
2026-08-13 20:57:06,508 fusion_base [INFO] - Fused SkipLayerNormalization: 44
2026-08-13 20:57:07,345 onnx_model_bert [INFO] - opset version: 20
2026-08-13 20:57:07,376 onnx_model [INFO] - Sort graphs in topological order
2026-08-13 20:57:07,484 onnx_model [INFO] - Model saved to /Users/umangsharma/Desktop/F5-TTS/ckpts/zuna_dual_voice_v3/onnx/q4-nfe8/F5_Transformer.onnx
+------------------------+-------------------------------------+------------------------------------------+
|       Model Name       |         F5_Transformer.onnx         | /Users/umangsharma/Desktop/F5-TTS/ckpts/ |
|                        |                                     | zuna_dual_voice_v3/onnx/q4-nfe8/F5_Trans |
|                        |                                     |               former.onnx                |
+------------------------+-------------------------------------+------------------------------------------+
|       Model Info       |     Op Set: 20 / IR Version: 9      |        Op Set: 20 / IR Version: 9        |
+------------------------+-------------------------------------+------------------------------------------+
|       IN: noise        |  float32: (1, 'max_duration', 100)  |    float32: (1, 'max_duration', 100)     |
|      IN: rope_cos      | float32: (2, 1, 'max_duration', 64) |   float32: (2, 1, 'max_duration', 64)    |
|      IN: rope_sin      | float32: (2, 1, 'max_duration', 64) |   float32: (2, 1, 'max_duration', 64)    |
|    IN: cat_mel_text    |  float32: (1, 'max_duration', 612)  |    float32: (1, 'max_duration', 612)     |
| IN: cat_mel_text_drop  |  float32: (1, 'max_duration', 612)  |    float32: (1, 'max_duration', 612)     |
|     IN: time_step      |             int32: (1,)             |               int32: (1,)                |
|     OUT: denoised      |  float32: (1, 'max_duration', 100)  |    float32: (1, 'max_duration', 100)     |
+------------------------+-------------------------------------+------------------------------------------+
|          Add           |                 136                 |                   136                    |
|         Concat         |                 47                  |                    47                    |
|          Conv          |                  2                  |                    2                     |
|        FastGelu        |                 22                  |                    22                    |
|         Gather         |                 46                  |                    46                    |
|         MatMul         |                 44                  |                    44                    |
|      MatMulNBits       |                 91                  |                    91                    |
|          Mul           |                 182                 |                   182                    |
|       QuickGelu        |                  1                  |                    1                     |
|        Reshape         |                 44                  |                    44                    |
| SkipLayerNormalization |                 45                  |                    45                    |
|         Slice          |                 88                  |                    88                    |
|        Softmax         |                 22                  |                    22                    |
|        Softplus        |                  2                  |                    2                     |
|         Split          |                 69                  |                    69                    |
|          Tanh          |                  2                  |                    2                     |
|       Transpose        |                 156                 |                   156                    |
+------------------------+-------------------------------------+------------------------------------------+
|       Model Size       |              216.24 MB              |                216.24 MB                 |
+------------------------+-------------------------------------+------------------------------------------+
|      Elapsed Time      |                                     0.66 s                                     |
+------------------------+-------------------------------------+------------------------------------------+

--- All models processed successfully! ---
